batter,batting_hand_0.4999999991,name_last,name_first,key_mlbam,key_bbref,key_fangraphs,key_retro
112526.0,R,colon,bartolo,112526,colonba01,375,colob001
115629.0,R,hawkins,latroy,115629,hawkila01,729,hawkl001
116338.0,R,hunter,torii,116338,hunteto01,731,huntt001
120074.0,L,ortiz,david,120074,ortizda01,745,ortid001
121347.0,R,rodriguez,alex,121347,rodrial01,1274,rodra001
133380.0,R,ramirez,aramis,133380,ramirar01,1002,ramia001
134181.0,R,beltre,adrian,134181,beltrad01,639,belta001
136860.0,L,beltran,carlos,136860,beltrca01,589,beltc001
150029.0,R,werth,jayson,150029,werthja01,1327,wertj001
150212.0,R,cuddyer,michael,150212,cuddymi01,1534,cuddm001
150229.0,L,pierzynski,a. j.,150229,pierza.01,746,piera001
150302.0,L,marquis,jason,150302,marquja01,105,marqj001
150359.0,R,burnett,a. j.,150359,burnea.01,512,burna001
217100.0,R,bloomquist,willie,217100,bloomwi01,1066,bloow001
218596.0,R,hudson,tim,218596,hudsoti01,921,hudst001
276519.0,L,rollins,jimmy,276519,rolliji01,971,rollj001
276520.0,R,arroyo,bronson,276520,arroybr01,978,arrob001
279571.0,R,belisle,matt,279571,belisma01,1837,belim001
279824.0,L,buehrle,mark,279824,buehrma01,225,buehm001
282332.0,L,sabathia,cc,282332,sabatc.01,404,sabac001
285064.0,R,vogelsong,ryan,285064,vogelry01,1011,voger001
285078.0,L,hamilton,josh,285078,hamiljo03,1875,hamij003
285079.0,R,dickey,r. a.,285079,dicker.01,1245,dickr001
329092.0,L,choate,randy,329092,choatra01,813,choar001
346793.0,L,affeldt,jeremy,346793,affelje01,583,affej001
346798.0,R,lohse,kyle,346798,lohseky01,739,lohsk001
346874.0,R,uribe,juan,346874,uribeju01,454,uribj002
400085.0,L,suzuki,ichiro,400085,suzukic01,1101,suzui001
400121.0,L,martinez,victor,400121,martivi01,393,martv001
400284.0,L,utley,chase,400284,utleych01,1679,utlec001
405395.0,R,pujols,albert,405395,pujolal01,1177,pujoa001
407781.0,R,byrd,marlon,407781,byrdma01,950,byrdm001
407793.0,R,lackey,john,407793,lackejo01,1507,lackj001
407812.0,R,holliday,matt,407812,hollima01,1873,hollm001
407822.0,L,de la rosa,jorge,407822,rosajo01,2047,delaj001
407862.0,R,johnson,reed,407862,johnsre02,1702,johnr008
407890.0,R,lewis,colby,407890,lewisco01,1259,lewic001
407893.0,L,teixeira,mark,407893,teixema01,1281,teixm001
407908.0,R,peralta,joel,407908,peraljo01,2332,peraj002
408042.0,R,laird,gerald,408042,lairdge01,1698,lairg001
408045.0,L,mauer,joe,408045,mauerjo01,1857,mauej001
408047.0,L,morneau,justin,408047,morneju01,1737,mornj001
408234.0,R,cabrera,miguel,408234,cabremi01,1744,cabrm001
408236.0,L,gonzalez,adrian,408236,gonzaad01,1908,gonza003
408241.0,R,peavy,jake,408241,peavyja01,1051,peavj001
408242.0,R,nieves,wil,408242,nievewi01,1556,nievw001
408252.0,R,phillips,brandon,408252,phillbr01,791,philb001
408299.0,R,infante,omar,408299,infanom01,1609,infao001
408307.0,L,crawford,carl,408307,crawfca02,1201,crawc002
408314.0,L,reyes,jose,408314,reyesjo01,1736,reyej001
421685.0,R,harang,aaron,421685,haranaa01,1451,haraa001
424144.0,L,perez,oliver,424144,perezol01,1514,pereo002
424325.0,R,ross,david,424325,rossda01,1551,rossd001
424825.0,L,crisp,coco,424825,crispco01,1572,crisc001
425386.0,R,guthrie,jeremy,425386,guthrje01,2072,guthj001
425492.0,L,madson,ryan,425492,madsory01,1852,madsr001
425496.0,R,ross,cody,425496,rossco01,1760,rossc001
425509.0,R,peralta,jhonny,425509,peraljh01,1738,peraj001
425532.0,R,williams,jerome,425532,willije01,1137,willj003
425543.0,R,wilson,josh,425543,wilsojo03,2102,wilsj003
425549.0,R,barmes,clint,425549,barmecl01,1830,barmc001
425557.0,R,baker,jeff,425557,bakerje03,2073,bakej001
425560.0,L,laroche,adam,425560,larocad01,1904,laroa001
425567.0,R,rios,alex,425567,riosal01,2090,riosa002
425626.0,L,capuano,chris,425626,capuach01,1701,capuc001
425657.0,L,lopez,javier,425657,lopezja02,1663,lopej002
425664.0,R,victorino,shane,425664,victosh01,1677,victs001
425766.0,L,loney,james,425766,loneyja01,4556,lonej001
425772.0,R,mathis,jeff,425772,mathije01,3448,mathj001
425783.0,L,choo,shin-soo,425783,choosh01,3174,choos001
425784.0,R,rivera,rene,425784,riverre01,3648,river003
425794.0,R,wainwright,adam,425794,wainwad01,2233,waina001
425796.0,R,francoeur,jeff,425796,francje02,4792,franj004
425834.0,R,upton,b. j.,425834,uptonbj01,5015,uptob001
425835.0,R,tsao,chin-hui,425835,tsaoch01,1776,tsaoc001
425844.0,R,greinke,zack,425844,greinza01,1943,greiz001
425856.0,R,floyd,gavin,425856,floydga01,3886,floyg001
425877.0,R,molina,yadier,425877,molinya01,7007,moliy001
425900.0,L,navarro,dioner,425900,navardi01,3179,navad001
425902.0,L,fielder,prince,425902,fieldpr01,4613,fielp001
429400.0,L,loewen,adam,429400,loewead01,2134,loewa001
429664.0,L,cano,robinson,429664,canoro01,3269,canor001
429665.0,R,encarnacion,edwin,429665,encared01,2151,encae001
429666.0,R,hardy,j. j.,429666,hardyjj01,3797,hardj003
429667.0,L,howard,ryan,429667,howarry01,2154,howar001
429711.0,R,gutierrez,franklin,429711,gutiefr01,3255,gutif001
429713.0,L,sizemore,grady,429713,sizemgr01,2197,sizeg001
429717.0,R,haren,dan,429717,harenda01,1757,hared001
429719.0,R,jackson,edwin,429719,jacksed01,1841,jacke001
429722.0,R,santana,ervin,429722,santaer01,3200,sante001
429780.0,L,narveson,chris,429780,narvech01,2141,narvc001
429781.0,R,correia,kevin,429781,correke01,1767,corrk001
430001.0,R,weeks,rickie,430001,weeksri01,1849,weekr001
430203.0,L,dejesus,david,430203,dejesda01,1825,dejed001
430321.0,R,young,delmon,430321,youngde03,2140,yound003
430404.0,R,gomes,jonny,430404,gomesjo01,1845,gomej001
430580.0,R,simon,alfredo,430580,simonal01,2155,simoa001
430599.0,R,blanton,joe,430599,blantjo01,4849,blanj001
430603.0,L,kelly,don,430603,kellydo01,2216,kelld001
430605.0,R,raburn,ryan,430605,raburry01,2218,rabur001
430611.0,R,hart,corey,430611,hartco01,1945,hartc001
430613.0,R,belisario,ronald,430613,belisro01,2203,belir001
430637.0,L,johnson,kelly,430637,johnske05,2234,johnk003
430641.0,R,boyer,blaine,430641,boyerbl01,2237,boyeb001
430652.0,R,bourgeois,jason,430652,bourgja01,2225,bourj001
430661.0,R,mcgowan,dustin,430661,mcgowdu01,8600,mcgod001
430681.0,L,johnson,dan,430681,johnsda06,2167,johnd004
430832.0,R,bautista,jose,430832,bautijo02,1887,bautj002
430897.0,L,swisher,nick,430897,swishni01,4599,swisn001
430910.0,L,pena,brayan,430910,penabr01,3231,penab002
430911.0,R,aardsma,david,430911,aardsda01,1902,aardd001
430912.0,R,cain,matt,430912,cainma01,4732,cainm001
430935.0,L,hamels,cole,430935,hamelco01,4972,hamec001
430945.0,R,jones,adam,430945,jonesad01,6368,jonea003
430947.0,L,aybar,erick,430947,aybarer01,4082,aybae001
430948.0,L,callaspo,alberto,430948,callaal01,3336,calla001
431094.0,R,hill,aaron,431094,hillaa01,6104,hilla001
431145.0,R,martin,russell,431145,martiru01,4616,martr004
431148.0,L,kazmir,scott,431148,kazmisc01,4897,kazms001
431151.0,R,wright,david,431151,wrighda03,3787,wrigd002
431171.0,R,mcgehee,casey,431171,mcgehca01,6086,mcgec001
432934.0,R,young,chris,432934,youngch03,3196,younc003
433217.0,L,blanco,andres,433217,blancan01,1907,blana001
433584.0,R,hernandez,roberto,433584,carmofa01,3273,carmf001
433587.0,R,hernandez,felix,433587,hernafe02,4772,hernf002
433589.0,R,petit,yusmeiro,433589,petityu01,4020,petiy001
434158.0,L,granderson,curtis,434158,grandcu01,4747,granc001
434378.0,R,verlander,justin,434378,verlaju01,8700,verlj001
434442.0,L,howell,j. p.,434442,howeljp01,8245,howej003
434538.0,L,liriano,francisco,434538,liriafr01,3201,lirif001
434540.0,L,jones,garrett,434540,jonesga02,2714,joneg002
434563.0,R,ruiz,carlos,434563,ruizca01,2579,ruizc001
434567.0,R,soto,geovany,434567,sotoge01,3707,sotog001
434604.0,R,morse,mike,434604,morsemi01,3035,morsm001
434622.0,R,jimenez,ubaldo,434622,jimenub01,3374,jimeu001
434628.0,R,hammel,jason,434628,hammeja01,4538,hammj002
434636.0,L,pagan,angel,434636,paganan01,2918,pagaa001
434643.0,R,rodriguez,wandy,434643,rodriwa01,2586,rodrw002
434658.0,R,davis,rajai,434658,davisra01,3708,davir003
434670.0,R,ramirez,hanley,434670,ramirha01,8001,ramih003
434671.0,R,sanchez,anibal,434671,sanchan01,3284,sanca004
434672.0,R,smith,chris,434672,smithch08,4544,smitc002
434778.0,L,morales,kendrys,434778,moralke01,8610,morak001
435043.0,L,duke,zach,435043,dukeza01,3840,dukez001
435044.0,R,baker,scott,435044,bakersc02,6176,bakes002
435062.0,R,kendrick,howie,435062,kendrho01,4229,kendh001
435063.0,R,napoli,mike,435063,napolmi01,3057,napom001
435064.0,R,wilson,bobby,435064,wilsobo02,6564,wilsb002
435078.0,R,arias,joaquin,435078,ariasjo01,3817,ariaj001
435079.0,R,kinsler,ian,435079,kinslia01,6195,kinsi001
435180.0,R,andino,robert,435180,andinro01,4900,andir001
435221.0,R,mccarthy,brandon,435221,mccarbr01,4662,mccab001
435263.0,L,mccann,brian,435263,mccanbr01,4810,mccab002
435401.0,L,schumaker,skip,435401,schumsk01,3704,schus001
435522.0,L,walker,neil,435522,walkene01,7539,walkn001
435559.0,R,suzuki,kurt,435559,suzukku01,8259,suzuk001
435622.0,R,desmond,ian,435622,desmoia01,6885,desmi001
435623.0,R,frandsen,kevin,435623,frandke01,7528,frank001
443558.0,R,cruz,nelson,443558,cruzne02,2434,cruzn002
444379.0,L,jaso,john,444379,jasojo01,5887,jasoj001
444432.0,R,trumbo,mark,444432,trumbma01,6876,trumm001
444446.0,R,balester,collin,444446,balesco01,6883,balec001
444468.0,R,rondon,hector,444468,rondohe01,2391,rondh001
444482.0,L,peralta,david,444482,peralda01,2136,perad001
444489.0,R,pina,manny,444489,pinama01,2829,pinam001
444836.0,L,laffey,aaron,444836,laffeaa01,6248,laffa001
444843.0,L,ethier,andre,444843,ethiean01,6265,ethia001
444857.0,L,feldman,scott,444857,feldmsc01,6283,felds001
444876.0,R,escobar,alcides,444876,escobal02,6310,escoa003
445055.0,L,jay,jon,445055,jayjo02,5227,jay-j001
445060.0,R,nolasco,ricky,445060,nolasri01,3830,nolar001
445095.0,L,pridie,jason,445095,pridija01,4611,pridj001
445197.0,L,dunn,mike,445197,dunnmi01,9948,dunnm002
445213.0,R,kintzler,brandon,445213,kintzbr01,9939,kintb001
445276.0,L,jansen,kenley,445276,janseke01,3096,jansk001
445590.0,L,stults,eric,445590,stulter01,8011,stule002
445926.0,R,chavez,jesse,445926,chaveje01,5448,chavj001
445988.0,R,prado,martin,445988,pradoma01,3312,pradm001
446192.0,R,moore,adam,446192,mooread01,9362,moora001
446225.0,R,easley,ed,446225,easleed01,2487,easle001
446263.0,L,duda,lucas,446263,dudalu01,2502,dudal001
446308.0,L,wieters,matt,446308,wietema01,4298,wietm001
446321.0,R,detwiler,ross,446321,detwiro01,2859,detwr001
446334.0,R,longoria,evan,446334,longoev01,9368,longe001
446359.0,R,cozart,zack,446359,cozarza01,2616,cozaz001
446372.0,R,kluber,corey,446372,klubeco01,2429,klubc001
446381.0,R,barney,darwin,446381,barneda01,2430,barnd001
446386.0,R,guyer,brandon,446386,guyerbr01,2636,guyeb001
446399.0,R,cecil,brett,446399,cecilbr01,2660,cecib001
446481.0,R,rodriguez,sean,446481,rodrise01,6589,rodrs002
446653.0,L,lobaton,jose,446653,lobatjo01,4243,lobaj001
448170.0,L,ishikawa,travis,448170,ishiktr01,4793,ishit001
448179.0,L,hill,rich,448179,hillri01,4806,hillr001
448306.0,R,shields,james,448306,shielja02,7059,shiej002
448602.0,R,reynolds,mark,448602,reynoma01,7619,reynm001
448605.0,R,ruggiano,justin,448605,ruggiju01,7620,ruggj001
448609.0,L,sipp,tony,448609,sippto01,8280,sippt001
448614.0,R,torres,carlos,448614,torreca01,7624,torrc001
448674.0,R,bernier,doug,448674,bernido01,4518,bernd001
448801.0,L,davis,chris,448801,davisch02,9272,davic003
448802.0,L,garcia,jaime,448802,garcija02,8137,garcj004
448855.0,R,guerra,junior,448855,guerrju02,5702,guerj003
449107.0,R,aviles,mike,449107,avilemi01,5986,avilm001
449168.0,R,tuiasosopo,matt,449168,tuiasma01,8272,tuiam001
449170.0,R,cordier,erik,449170,cordier01,4086,corde001
449173.0,L,harrell,lucas,449173,harrelu01,7541,harrl002
449181.0,R,orlando,paulo,449181,orlanpa01,8628,orlap001
449786.0,L,corporan,carlos,449786,corpoca01,5587,corpc001
450172.0,R,volquez,edinson,450172,volqued01,3990,volqe001
450203.0,R,morton,charlie,450203,mortoch02,4676,mortc002
450306.0,L,vargas,jason,450306,vargaja01,8044,vargj001
450308.0,R,weaver,jered,450308,weaveje02,4235,weavj003
450314.0,L,zobrist,ben,450314,zobribe01,7435,zobrb001
450317.0,R,arencibia,j. p.,450317,arencjp01,697,arenj001
450351.0,L,wilson,c. j.,450351,wilsocj01,3580,wilsc004
450641.0,L,berry,quintin,450641,berryqu01,9414,berrq001
450665.0,L,medlen,kris,450665,medlekr01,9417,medlk001
450729.0,L,fister,doug,450729,fistedo01,9425,fistd001
451089.0,L,peterson,shane,451089,petersh01,7423,petes002
451109.0,R,hayes,brett,451109,hayesbr01,4293,hayeb001
451192.0,L,adduci,jim,451192,adducji02,6448,adduj002
451532.0,R,billingsley,chad,451532,billich01,5842,billc001
451584.0,R,davis,wade,451584,daviswa01,7441,daviw001
451594.0,L,fowler,dexter,451594,fowlede01,4062,fowld001
451596.0,R,gallardo,yovani,451596,gallayo01,8173,gally001
451661.0,R,fields,josh,451661,fieldjo03,5070,fielj002
451705.0,R,rosario,alberto,451705,rosaral01,7125,rosaa002
451713.0,L,peguero,carlos,451713,pegueca01,8760,peguc001
452027.0,R,albers,andrew,452027,alberan01,7853,albea001
452035.0,R,blanks,kyle,452035,blankky01,49,blank002
452095.0,R,flowers,tyler,452095,flowety01,9134,flowt001
452104.0,L,headley,chase,452104,headlch01,4720,headc001
452220.0,L,drew,stephen,452220,drewst01,4251,drews001
452234.0,L,smith,seth,452234,smithse01,7331,smits002
452239.0,R,maxwell,justin,452239,maxweju01,6827,maxwj002
452252.0,L,lind,adam,452252,lindad01,8027,linda001
452254.0,R,pence,hunter,452254,pencehu01,8252,pench001
452655.0,L,span,denard,452655,spande01,8347,spand001
452657.0,L,lester,jon,452657,lestejo01,4930,lestj001
452666.0,R,wilhelmsen,tom,452666,wilheto01,9975,wilht001
452672.0,R,hanigan,ryan,452672,hanigry01,4952,hanir001
452678.0,L,cabrera,asdrubal,452678,cabreas01,4962,cabra002
452718.0,R,kendrick,kyle,452718,kendrky01,6230,kendk001
453056.0,L,ellsbury,jacoby,453056,ellsbja01,4727,ellsj001
453064.0,R,tulowitzki,troy,453064,tulowtr01,3531,tulot001
453172.0,R,hughes,jared,453172,hugheja02,9325,hughj001
453178.0,R,kennedy,ian,453178,kenneia01,6986,kenni001
453192.0,L,miller,andrew,453192,millean01,6785,milla002
453203.0,R,robinson,shane,453203,robinsh01,4249,robis001
453211.0,R,stubbs,drew,453211,stubbdr01,9328,stubd001
453214.0,R,wright,steven,453214,wrighst01,8185,wrigs001
453265.0,L,watson,tony,453265,watsoto01,3132,watst001
453269.0,L,boesch,brennan,453269,boescbr01,914,boesb001
453281.0,L,leblanc,wade,453281,leblawa01,5221,leblw001
453286.0,R,scherzer,max,453286,scherma01,3137,schem001
453307.0,L,huff,david,453307,huffda01,4257,huffd001
453311.0,L,lincecum,tim,453311,linceti01,5705,linct001
453329.0,L,buchholz,clay,453329,buchhcl01,3543,buchc001
453344.0,R,morrow,brandon,453344,morrobr01,9346,morrb001
453385.0,L,richard,clayton,453385,richacl01,3551,richc002
453400.0,R,johnson,chris,453400,johnsch05,1191,johnc003
453539.0,L,fuld,sam,453539,fuldsa01,8254,fulds001
453562.0,R,arrieta,jake,453562,arrieja01,4153,arrij001
453568.0,L,blackmon,charlie,453568,blackch02,7859,blacc001
453646.0,R,villanueva,carlos,453646,villaca01,4138,villc001
453895.0,R,ryan,brendan,453895,ryanbr01,6073,ryanb002
453923.0,L,blanco,gregor,453923,blancgr01,3123,blang001
453943.0,R,frazier,todd,453943,frazito01,785,frazt001
454560.0,R,ellis,a. j.,454560,ellisaj01,5677,ellia001
454975.0,L,iribarren,hernan,454975,iribahe01,4177,iribh001
455104.0,R,iannetta,chris,455104,iannech01,8267,iannc001
455117.0,R,maldonado,martin,455117,maldoma01,6887,maldm001
455139.0,R,chirinos,robinson,455139,chiriro01,3142,chirr001
455369.0,L,pena,ramiro,455369,penara02,8841,penar002
455374.0,R,bastardo,antonio,455374,bastaan01,8844,basta001
455755.0,R,stewart,chris,455755,stewach01,3878,stewc001
455759.0,R,young,chris,455759,youngch04,3882,younc004
455976.0,L,markakis,nick,455976,markani01,5930,markn001
456030.0,R,pedroia,dustin,456030,pedrodu01,8370,pedrd001
456034.0,L,price,david,456034,priceda01,3184,pricd001
456068.0,R,gonzalez,miguel,456068,gonzami03,7024,gonzm003
456071.0,L,flande,yohan,456071,flandyo01,5057,flany001
456078.0,R,castillo,welington,456078,castiwe01,3256,castw002
456121.0,R,denorfia,chris,456121,denorch01,4400,denoc001
456124.0,R,kratz,erik,456124,kratzer01,4403,krate001
456167.0,R,griffin,a. j.,456167,griffaj01,11132,grifa002
456422.0,L,bourn,michael,456422,bournmi01,6387,bourm001
456488.0,R,nunez,eduardo,456488,nunezed02,6848,nunee002
456501.0,R,cueto,johnny,456501,cuetojo01,6893,cuetj001
456665.0,R,pearce,steve,456665,pearcst01,9957,pears001
456696.0,R,hernandez,david,456696,hernada01,4259,hernd002
456701.0,R,bailey,homer,456701,baileho02,8362,bailh001
456714.0,R,butler,billy,456714,butlebi03,7399,butlb003
456715.0,R,cain,lorenzo,456715,cainlo01,9077,cainl001
456776.0,L,torres,alex,456776,torreal01,7038,torra002
456781.0,R,solano,donovan,456781,solando01,8623,solad001
457448.0,L,harrison,matt,457448,harrima01,5551,harrm001
457449.0,R,romak,jamie,457449,romakja01,5552,romaj003
457454.0,L,saltalamacchia,jarrod,457454,saltaja01,5557,saltj001
457477.0,L,de aza,alejandro,457477,deazaal01,3371,deaza001
457574.0,R,pacheco,jordan,457574,pachejo01,2677,pachj001
457705.0,R,mccutchen,andrew,457705,mccutan01,9847,mccua001
457706.0,R,jackson,austin,457706,jacksau01,9848,jacka001
457708.0,R,upton,justin,457708,uptonju01,5222,uptoj001
457711.0,R,o'sullivan,sean,457711,osullse01,9137,osuls001
457727.0,R,maybin,cameron,457727,maybica01,5223,maybc001
457759.0,R,turner,justin,457759,turneju01,5235,turnj001
457760.0,L,dorn,danny,457760,dornda01,1050,dornd001
457762.0,L,anderson,bryan,457762,anderbr05,9871,andeb005
457763.0,R,posey,buster,457763,poseybu01,9166,poseb001
457768.0,L,morris,bryan,457768,morribr01,10234,morrb002
457775.0,R,jennings,desmond,457775,jennide01,1965,jennd002
457787.0,L,espinosa,danny,457787,espinda01,9219,espid001
457788.0,L,schafer,jordan,457788,schafjo02,9883,schaj002
457789.0,L,weeks,jemile,457789,weeksje01,2498,weekj001
457803.0,L,bruce,jay,457803,bruceja01,9892,brucj001
457915.0,R,guerra,javy,457915,guerrja01,7407,guerj002
457918.0,L,happ,j. a.,457918,happja01,7410,happj001
457926.0,R,janish,paul,457926,janispa01,7412,janip001
458006.0,L,albers,matt,458006,alberma01,4300,albem001
458015.0,L,votto,joey,458015,vottojo01,4314,vottj001
458085.0,L,coghlan,chris,458085,coghlch01,6878,coghc001
458582.0,L,brignac,reid,458582,brignre01,8380,brigr001
458668.0,L,danks,jordan,458668,danksjo02,9187,dankj002
458675.0,L,rasmus,colby,458675,rasmuco01,9893,rasmc001
458676.0,R,lindblom,josh,458676,lindbjo01,7882,lindj004
458677.0,L,wilson,justin,458677,wilsoju10,4301,wilsj004
458678.0,R,broadway,mike,458678,broadmi01,9894,broam001
458681.0,R,lynn,lance,458681,lynnla01,2520,lynnl001
458689.0,R,dominguez,chris,458689,dominch01,9718,domic001
458708.0,R,tomlin,josh,458708,tomlijo01,9388,tomlj001
458731.0,L,gardner,brett,458731,gardnbr01,9927,gardb001
458913.0,L,young,eric,458913,younger03,7158,youne003
459431.0,L,saunders,michael,459431,saundmi01,9981,saunm001
459964.0,L,joyce,matthew,459964,joycema01,3353,joycm001
459967.0,R,lecure,sam,459967,lecursa01,4664,lecus001
460003.0,R,teagarden,taylor,460003,teagata01,5199,teagt001
460026.0,R,hundley,nick,460026,hundlni01,3376,hundn001
460055.0,R,mayberry,john,460055,maybejo02,3390,maybj001
460059.0,R,pelfrey,mike,460059,pelfrmi01,5203,pelfm001
460060.0,L,pennington,cliff,460060,pennicl01,3395,pennc001
460075.0,R,braun,ryan,460075,braunry02,3410,braur002
460077.0,R,butera,drew,460077,buterdr01,3411,buted001
460086.0,L,gordon,alex,460086,gordoal01,5209,gorda001
460099.0,R,reimold,nolan,460099,reimono01,3441,reimn001
460131.0,L,bogusevic,brian,460131,bogusbr01,4719,bogub001
460269.0,R,gimenez,chris,460269,gimench01,7324,gimec001
460283.0,L,blevins,jerry,460283,blevije01,7841,blevj001
460576.0,R,gomez,carlos,460576,gomezca01,4881,gomec002
460701.0,L,russell,james,460701,russeja02,4089,russj003
461235.0,L,moss,brandon,461235,mossbr01,4467,mossb001
461314.0,R,kemp,matt,461314,kempma01,5631,kempm001
461325.0,R,clippard,tyler,461325,clippty01,5640,clipt001
461416.0,L,venable,will,461416,venabwi01,211,venaw001
461815.0,L,murphy,david,461815,murphda07,6035,murpd005
461829.0,R,gonzalez,gio,461829,gonzagi01,7448,gonzg003
461833.0,R,hughes,phil,461833,hugheph01,7450,hughp001
461858.0,R,plouffe,trevor,461858,plouftr01,7462,plout001
461865.0,L,romine,andrew,461865,rominan01,1159,romia001
462101.0,R,andrus,elvis,462101,andruel01,8709,andre001
462136.0,R,estrada,marco,462136,estrama01,1118,estrm001
462382.0,R,johnson,jim,462382,johnsji04,3656,johnj010
462515.0,R,socolovich,miguel,462515,socolmi01,6697,socom001
462564.0,R,uggla,dan,462564,ugglada01,3442,uggld001
463610.0,R,petit,gregorio,463610,petitgr01,3812,petig001
465041.0,R,cervelli,francisco,465041,cervefr01,5275,cervf001
465674.0,R,ciriaco,pedro,465674,ciriape01,5278,cirip001
465753.0,L,florimon,pedro,465753,floripe01,8385,florp001
465784.0,L,cabrera,everth,465784,cabreev01,8155,cabre001
466320.0,L,cabrera,melky,466320,cabreme01,4022,cabrm002
466948.0,R,machi,jean,466948,machije01,3220,machj002
466988.0,L,bonifacio,emilio,466988,bonifem01,4054,bonie001
467008.0,R,strop,pedro,467008,stroppe01,4070,strop001
467055.0,L,sandoval,pablo,467055,sandopa01,5409,sandp001
467070.0,L,herrera,elian,467070,herreel01,5432,herre001
467092.0,R,ramos,wilson,467092,ramoswi01,1433,ramow001
467100.0,R,nova,ivan,467100,novaiv01,1994,novai001
467143.0,R,gomez,hector,467143,gomezhe01,2264,gomeh001
467785.0,R,liz,radhames,467785,lizra01,5843,liz-r001
467793.0,L,santana,carlos,467793,santaca01,2396,santc002
467798.0,R,tabata,jose,467798,tabatjo01,2411,tabaj002
467827.0,L,parra,gerardo,467827,parrage01,8553,parrg001
468406.0,L,herrera,jonathan,468406,herrejo03,4182,herrj002
468504.0,R,chacin,jhoulys,468504,chacijh01,2608,chacj001
471083.0,L,montero,miguel,471083,montemi01,3364,montm001
471822.0,R,diaz,jumbo,471822,diazju03,3397,diazj005
471865.0,L,gonzalez,carlos,471865,gonzaca01,7287,gonzc001
471911.0,R,carrasco,carlos,471911,carraca01,6632,carrc003
472528.0,L,valbuena,luis,472528,valbulu01,4969,valbl001
472551.0,L,abad,fernando,472551,abadfe01,4994,abadf001
472610.0,R,garcia,luis,472610,garcilu03,6984,garcl005
473724.0,R,mcbride,matt,473724,mcbrima02,9373,mcbrm002
474233.0,S,conger,hank,474233,congeha01,2505,congh001
474249.0,R,jackson,ryan,474249,jacksry02,6596,jackr005
474284.0,R,rasmus,cory,474284,rasmuco02,2413,rasmc002
474319.0,R,snyder,brandon,474319,snydebr03,9856,snydb003
474443.0,R,de jesus,ivan,474443,dejesiv02,9886,dejei002
474463.0,L,anderson,brett,474463,anderbr04,8223,andeb004
474494.0,R,field,thomas,474494,fieldth01,6262,fielt001
474521.0,R,tolleson,shawn,474521,tollesh01,10481,tolls002
474568.0,R,mercer,jordy,474568,mercejo03,6547,mercj002
474668.0,L,surkamp,eric,474668,surkaer01,2540,surke001
474699.0,R,worley,vance,474699,worleva01,6435,worlv001
474832.0,L,belt,brandon,474832,beltbr01,10264,beltb001
474865.0,L,borbon,julio,474865,borboju01,3209,borbj001
474892.0,R,carter,chris,474892,cartech02,9911,cartc002
475100.0,R,van slyke,scott,475100,vanslsc01,4365,vanss001
475115.0,R,ross,tyson,475115,rossty01,7872,rosst001
475174.0,L,alonso,yonder,475174,alonsyo01,2530,alony001
475243.0,R,wood,travis,475243,woodtr01,9884,woodt004
475247.0,L,flaherty,ryan,475247,flahery01,7888,flahr001
475253.0,L,smoak,justin,475253,smoakju01,9054,smoaj001
475416.0,R,masterson,justin,475416,masteju01,2038,mastj001
475479.0,R,phelps,david,475479,phelpda01,6316,pheld001
475582.0,R,zimmerman,ryan,475582,zimmery01,4220,zimmr001
476192.0,L,monell,johnny,476192,moneljo01,2783,monej001
476270.0,R,tolleson,steven,476270,tollest01,4450,tolls001
476451.0,R,hellickson,jeremy,476451,hellije01,4371,hellj001
476454.0,R,betances,dellin,476454,betande01,6216,betad001
476570.0,R,mazzaro,vin,476570,mazzavi01,5231,mazzv001
476589.0,R,warren,adam,476589,warread01,9029,warra001
476633.0,L,parmelee,chris,476633,parmech01,2554,parmc001
476704.0,L,lowrie,jed,476704,lowrije01,4418,lowrj001
476883.0,L,alvarez,pedro,476883,alvarpe01,2495,alvap001
477003.0,L,niese,jonathon,477003,niesejo01,4424,niesj001
477132.0,L,kershaw,clayton,477132,kershcl01,2036,kersc001
477165.0,L,wallace,brett,477165,wallabr01,8434,wallb001
477195.0,L,davis,ike,477195,davisik02,8433,davii001
477569.0,R,salas,fernando,477569,salasfe01,4971,salaf001
485567.0,L,carrera,ezequiel,485567,carreez01,9048,carre001
488671.0,L,avila,alex,488671,avilaal01,7476,avila001
488674.0,R,badenhop,burke,488674,badenbu01,9736,badeb001
488681.0,R,barnes,brandon,488681,barnebr02,629,barnb002
488689.0,L,baxter,mike,488689,baxtemi01,4464,baxtm001
488703.0,R,bianchi,jeff,488703,biancje01,9958,bianj001
488721.0,R,bourjos,peter,488721,bourjpe01,2578,bourp001
488726.0,L,brantley,michael,488726,brantmi02,4106,branm003
488768.0,R,cashner,andrew,488768,cashnan01,8782,casha001
488771.0,L,castro,jason,488771,castrja01,8722,castj006
488810.0,R,cruz,tony,488810,cruzto03,2802,cruzt002
488818.0,R,d'arnaud,chase,488818,darnach01,6652,darnc001
488846.0,L,duensing,brian,488846,duensbr01,4064,duenb001
488852.0,L,dykstra,allan,488852,dykstal01,9113,dyksa001
488862.0,R,escobar,yunel,488862,escobyu01,4191,escoy001
488912.0,R,gosewisch,tuffy,488912,gosewtu01,5277,goset001
489067.0,L,lollis,ryan,489067,lolliry01,6623,lollr001
489119.0,L,miley,wade,489119,mileywa01,8779,milew001
489138.0,R,moore,tyler,489138,moorety01,7244,moort002
489149.0,L,morrison,logan,489149,morrilo01,9205,morrl001
489232.0,R,recker,anthony,489232,reckean01,4063,recka001
489265.0,R,romo,sergio,489265,romose01,9817,romos001
489267.0,R,rosales,adam,489267,rosalad01,9682,rosaa001
489305.0,R,scruggs,xavier,489305,scrugxa01,7409,scrux001
489334.0,R,stammen,craig,489334,stammcr01,7274,stamc001
489365.0,L,thole,josh,489365,tholejo01,9689,tholj001
489446.0,L,yates,kirby,489446,yateski01,9073,yatek001
490063.0,R,garza,matt,490063,garzama01,3340,garzm001
491646.0,R,gomez,jeanmar,491646,gomezje01,9033,gomej002
491676.0,R,hernandez,gorkys,491676,hernago01,4146,herng001
491696.0,R,sucre,jesus,491696,sucreje01,5942,sucrj001
491708.0,R,caminero,arquimedes,491708,caminar01,8992,camia001
492802.0,R,graterol,juan,492802,grateju01,5398,gratj001
492841.0,L,martinez,michael,492841,martimi02,7358,martm003
493114.0,L,aoki,nori,493114,aokino01,13075,aokin001
493128.0,L,kawasaki,munenori,493128,kawasmu01,13047,kawam001
493159.0,L,wada,tsuyoshi,493159,wadats01,13046,wadat001
493193.0,R,lee,dae-ho,493193,leeda02,18722,lee-d004
493200.0,R,oh,seunghwan,493200,ohse01,18719,oh--s001
493316.0,R,cespedes,yoenis,493316,cespeyo01,13110,cespy001
493329.0,R,gurriel,yuli,493329,gourryu01,19198,gurry001
493343.0,R,olivera,hector,493343,olivehe01,17528,olivh001
493351.0,R,ramirez,alexei,493351,ramiral03,5133,ramia003
493472.0,R,campbell,eric,493472,campber01,6938,campe001
493596.0,R,beckham,gordon,493596,beckhgo01,9015,beckg001
497807.0,L,herrmann,frank,497807,herrmfr01,7960,herrf001
499624.0,R,colabello,chris,499624,colabch01,13051,colac001
499864.0,R,jimenez,luis,499864,jimenlu02,6341,jimel002
500135.0,R,rodriguez,ronny,500135,rodriro03,11875,rodrr009
500207.0,R,solano,jhonatan,500207,solanjh01,7515,solaj002
500208.0,L,solarte,yangervis,500208,solarya01,5352,solay001
500610.0,R,guerra,deolis,500610,guerrde01,8410,guerd001
500724.0,R,ramirez,j. c.,500724,ramirjc01,8302,ramij002
500743.0,R,rojas,miguel,500743,rojasmi02,7802,rojam002
500779.0,R,quintana,jose,500779,quintjo01,11423,quinj001
500871.0,L,escobar,eduardo,500871,escobed01,6153,escoe001
500874.0,R,martinez,jose,500874,martijo08,7996,martj008
500887.0,R,pinto,josmil,500887,pintojo01,6806,pintj001
501213.0,R,sierra,moises,501213,sierrmo01,6050,sierm001
501245.0,R,marte,alfredo,501245,marteal01,5212,marta005
501255.0,S,ynoa,rafael,501255,ynoara01,2832,ynoar001
501303.0,L,adrianza,ehire,501303,adriaeh01,8418,adrie001
501381.0,R,pineda,michael,501381,pinedmi01,5372,pinem001
501571.0,R,lagares,juan,501571,lagarju01,5384,lagaj001
501593.0,L,avilan,luis,501593,avilalu01,2882,avill001
501625.0,L,alvarez,jose,501625,alvarjo02,5358,alvaj003
501647.0,R,rosario,wilin,501647,rosarwi01,8002,rosaw001
501659.0,L,almonte,abraham,501659,almonab01,5486,almoa001
501697.0,R,marinez,jhan,501697,marinjh01,5830,marij001
501789.0,R,harris,will,501789,harriwi10,3192,harrw002
501800.0,R,craig,allen,501800,craigal01,3433,craia001
501822.0,R,hatcher,chris,501822,hatchch02,3299,hatcc002
501888.0,L,kalish,ryan,501888,kalisry01,6962,kalir001
501896.0,R,freese,david,501896,freesda01,9549,freed001
501936.0,R,buschmann,matt,501936,buschma01,3832,buscm002
501957.0,R,tillman,chris,501957,tillmch01,5279,tillc001
501981.0,R,davis,khris,501981,daviskh01,9112,davik003
501983.0,L,snider,travis,501983,snidetr01,2830,snidt001
501986.0,L,hunter,cedric,501986,huntece01,2833,huntc001
501992.0,R,karns,nate,501992,karnsna01,12638,karnn001
502004.0,R,kontos,george,502004,kontoge01,9486,kontg001
502009.0,R,latos,mat,502009,latosma01,3815,latom001
502010.0,R,brigham,jake,502010,brighja01,2851,brigj001
502023.0,R,tartamella,travis,502023,tartatr01,6748,tartt001
502026.0,R,jeffress,jeremy,502026,jeffrje01,9490,jeffj001
502028.0,R,wood,blake,502028,woodbl01,1345,woodb004
502029.0,R,marrero,chris,502029,marrech01,2852,marrc001
502032.0,R,norris,bud,502032,norribu01,9492,norrb001
502034.0,L,burriss,emmanuel,502034,burriem01,2917,burre001
502042.0,R,archer,chris,502042,archech01,6345,archc001
502043.0,R,gibson,kyle,502043,gibsoky01,10123,gibsk002
502046.0,L,locke,jeff,502046,lockeje01,2929,lockj001
502051.0,R,ravin,josh,502051,ravinjo01,2951,ravij001
502054.0,R,pham,tommy,502054,phamth01,2967,phamt001
502082.0,L,chisenhall,lonnie,502082,chiselo01,7571,chisl001
502100.0,L,presley,alex,502100,preslal01,5305,presa001
502110.0,R,martinez,j. d.,502110,martijd02,6184,martj006
502117.0,R,negron,kristopher,502117,negrokr01,5306,negrk001
502126.0,L,brown,domonic,502126,browndo01,3154,browd004
502143.0,R,valencia,danny,502143,valenda01,6364,valed001
502151.0,R,huffman,chad,502151,huffmch01,5311,huffc001
502171.0,R,cobb,alex,502171,cobbal01,6562,cobba001
502179.0,R,espino,paolo,502179,espinpa01,8246,espip001
502182.0,L,clevenger,steve,502182,clevest01,9542,clevs001
502188.0,R,samardzija,jeff,502188,samarje01,3254,samaj001
502190.0,R,leake,mike,502190,leakemi01,10130,leakm001
502205.0,R,green,grant,502205,greengr01,10053,greeg002
502210.0,L,reddick,josh,502210,reddijo01,3892,reddj001
502211.0,R,bolsinger,mike,502211,bolsimi01,11137,bolsm001
502212.0,R,bibens-dirkx,austin,502212,bibenau01,9559,bibea001
502213.0,R,ashley,nevin,502213,ashlene01,3274,ashln001
502226.0,R,gentry,craig,502226,gentrcr01,9571,gentc001
502239.0,R,cahill,trevor,502239,cahiltr01,6249,cahit001
502261.0,R,gillespie,cole,502261,gilleco01,5888,gillc002
502273.0,L,freeman,mike,502273,freemmi01,11241,freem002
502285.0,R,ladendorf,tyler,502285,ladenty01,3211,ladet001
502317.0,R,heisey,chris,502317,heisech01,3978,heisc001
502327.0,R,santiago,hector,502327,santihe01,4026,santh001
502374.0,R,mckenry,michael,502374,mckenmi01,9628,mckem001
502409.0,R,diaz,jonathan,502409,diazjo02,4142,diazj004
502457.0,R,hayes,drew,502457,hayesdr01,10528,hayed001
502481.0,L,dyson,jarrod,502481,dysonja01,4866,dysoj001
502517.0,L,murphy,daniel,502517,murphda08,4316,murpd006
502522.0,R,miller,justin,502522,milleju02,8580,millj006
502523.0,S,o'malley,shawn,502523,omallsh01,9629,omals001
502544.0,L,buss,nick,502544,bussni01,6835,bussn001
502570.0,R,gale,rocky,502570,galero01,10533,galer002
502582.0,L,schafer,logan,502582,schaflo01,7937,schal001
502593.0,R,petricka,jake,502593,petrija01,10534,petrj001
502624.0,R,anderson,chase,502624,anderch01,6895,andec001
502671.0,R,goldschmidt,paul,502671,goldspa01,9218,goldp001
502676.0,L,figueroa,cole,502676,figueco01,8790,figuc001
502706.0,L,holland,derek,502706,hollade01,4141,holld003
502748.0,R,peacock,brad,502748,peacobr01,5401,peacb001
503351.0,L,lalli,blake,503351,lallibl01,9246,lallb001
503437.0,L,beresford,james,503437,beresja01,4626,berej003
503444.0,R,de la cruz,joel,503444,delacjo01,12825,delaj003
503449.0,R,peralta,wily,503449,peralwi01,7738,peraw001
503556.0,L,gonzalez,marwin,503556,gonzama01,5497,gonzm002
504379.0,R,nicasio,juan,504379,nicasju01,7731,nicaj001
506433.0,R,darvish,yu,506433,darviyu01,13074,darvy001
506560.0,L,amarista,alexi,506560,amarial01,9063,amara001
506693.0,R,alvarez,henderson,506693,alvarhe01,5669,alvah001
506702.0,L,leon,sandy,506702,leonsa01,5273,leons001
506703.0,R,sanchez,adrian,506703,sanchad01,11338,sanca007
506747.0,R,pena,francisco,506747,penafr01,8298,penaf001
506924.0,R,cardullo,stephen,506924,cardust01,11204,cards001
506997.0,R,sanchez,tony,506997,sanchto01,6178,sanct001
514888.0,R,altuve,jose,514888,altuvjo01,5417,altuj001
514913.0,R,tejada,ruben,514913,tejadru01,5519,tejar001
514917.0,L,hernandez,cesar,514917,hernace02,10556,hernc005
516414.0,R,pena,ariel,516414,penaar01,10240,penaa003
516416.0,R,segura,jean,516416,segurje01,5933,seguj002
516589.0,R,rienzo,andre,516589,rienzan01,3507,riena001
516770.0,R,castro,starlin,516770,castrst01,4579,casts001
516782.0,R,marte,starling,516782,martest01,9241,marts002
516809.0,R,lake,junior,516809,lakeju01,4672,lakej001
516811.0,R,perez,eury,516811,perezeu01,10299,peree003
516910.0,R,frias,carlos,516910,friasca01,3547,friac001
516949.0,L,sanchez,hector,516949,sanchhe01,10289,sanch002
516970.0,R,marimon,sugar ray,516970,marimsu01,6027,maris001
517369.0,R,pirela,jose,517369,pireljo01,5485,pirej001
517370.0,L,paredes,jimmy,517370,paredji01,5481,parej002
517414.0,R,delgado,randall,517414,delgara01,5985,delgr001
517448.0,R,boscan,wilfredo,517448,boscawi01,7655,boscw001
517593.0,S,salazar,danny,517593,salazda01,5867,salad001
518170.0,L,valdespin,jordany,518170,valdejo02,5098,valdj002
518397.0,L,alexander,scott,518397,alexasc02,10591,alexs001
518418.0,L,aumont,phillippe,518418,aumonph01,5362,aumop001
518420.0,R,axelrod,dylan,518420,axelrdy01,9303,axeld001
518452.0,R,bettis,chad,518452,bettich01,10587,bettc001
518466.0,R,blash,jabari,518466,blashja01,11247,blasj001
518468.0,R,blazek,michael,518468,blazemi01,9654,blazm001
518490.0,R,brentz,bryce,518490,brentbr01,10607,brenb002
518516.0,R,bumgarner,madison,518516,bumgama01,5524,bumgm001
518542.0,L,centeno,juan,518542,centeju01,7168,centj001
518553.0,R,cishek,steve,518553,cishest01,6483,cishs001
518560.0,R,clemens,paul,518560,clemepa02,8037,clemp002
518567.0,R,collmenter,josh,518567,collmjo01,7312,collj001
518568.0,R,colon,christian,518568,colonch01,11145,coloc002
518577.0,R,cowgill,collin,518577,cowgico01,7250,cowgc001
518586.0,R,culberson,charlie,518586,culbech01,3298,culbc001
518595.0,R,d'arnaud,travis,518595,darnatr01,7739,darnt001
518603.0,L,de fratus,justin,518603,defraju01,4955,defrj001
518614.0,L,descalso,daniel,518614,descada01,8392,descd001
518618.0,L,dietrich,derek,518618,dietrde01,10542,dietd001
518625.0,R,dominguez,matt,518625,dominma01,4903,domim001
518626.0,R,donaldson,josh,518626,donaljo02,5038,donaj001
518633.0,L,duffy,danny,518633,duffyda01,3542,duffd001
518649.0,R,eibner,brett,518649,eibnebr01,11369,eibnb001
518653.0,R,elmore,jake,518653,elmorja01,7290,elmoj001
518692.0,L,freeman,freddie,518692,freemfr01,5361,freef001
518693.0,R,freeman,sam,518693,freemsa01,6832,frees001
518700.0,R,fryer,eric,518700,fryerer01,8145,fryee001
518715.0,R,gearrin,cory,518715,gearrco01,7947,gearc001
518716.0,R,gee,dillon,518716,geedi01,7396,gee-d001
518735.0,L,grandal,yasmani,518735,grandya01,11368,grany001
518748.0,R,grimm,justin,518748,grimmju01,11720,grimj002
518755.0,R,hague,matt,518755,haguema01,7772,hagum001
518764.0,R,hand,donovan,518764,handdo01,8728,handd001
518771.0,R,harris,mitch,518771,harrimi03,4530,harrm002
518774.0,R,harvey,matt,518774,harvema01,11713,harvm001
518790.0,R,heston,chris,518790,hestoch01,10302,hestc001
518792.0,L,heyward,jason,518792,heywaja01,4940,heywj001
518863.0,R,jordan,taylor,518863,jordata01,10466,jordt001
518875.0,R,kelley,shawn,518875,kellesh01,7773,kells001
518883.0,L,kiekhefer,dean,518883,kiekhde01,10529,kiekd001
518886.0,R,kimbrel,craig,518886,kimbrcr01,6655,kimbc001
518902.0,R,kozma,pete,518902,kozmape01,2539,kozmp001
518911.0,L,lambo,andrew,518911,lamboan01,5386,lamba001
518934.0,R,lemahieu,dj,518934,lemahdj01,9874,lemad001
518953.0,L,lough,david,518953,loughda01,7215,lougd001
518960.0,R,lucroy,jonathan,518960,lucrojo01,7870,lucrj001
518991.0,R,mastroianni,darin,518991,mastrda01,7316,mastd002
519008.0,L,mcfarland,t. j.,519008,mcfartj01,3237,mcfat001
519023.0,R,mesoraco,devin,519023,mesorde01,5666,mesod001
519025.0,R,middlebrooks,will,519025,middlwi01,7002,middw001
519037.0,L,moncrief,carlos,519037,moncrca01,7511,moncc001
519043.0,L,moore,matt,519043,moorema02,1890,moorm003
519048.0,L,moreland,mitch,519048,morelmi01,3086,morem001
519058.0,L,moustakas,mike,519058,moustmi01,4892,mousm001
519068.0,L,navarro,efren,519068,navaref01,9854,navae001
519071.0,L,navarro,rey,519071,navarre01,6008,navar001
519076.0,R,nelson,jimmy,519076,nelsoji02,10547,nelsj004
519082.0,L,noonan,nick,519082,noonani01,6880,noonn001
519083.0,R,norris,derek,519083,norride01,6867,norrd001
519085.0,L,oberholtzer,brett,519085,oberhbr01,3855,oberb001
519107.0,S,parrino,andy,519107,parrian01,3972,parra001
519141.0,R,pomeranz,drew,519141,pomerdr01,11426,pomed001
519144.0,R,porcello,rick,519144,porceri01,2717,porcr001
519166.0,R,ramirez,neil,519166,ramirne01,7677,ramin001
519168.0,R,ranaudo,anthony,519168,ranauan01,11424,ranaa001
519184.0,L,revere,ben,519184,reverbe01,4712,reveb001
519203.0,L,rizzo,anthony,519203,rizzoan01,3473,rizza001
519208.0,L,robinson,clint,519208,robincl01,6908,robic001
519222.0,R,romine,austin,519222,rominau01,5491,romia002
519237.0,R,rupp,cameron,519237,ruppca01,11146,ruppc001
519242.0,L,sale,chris,519242,salech01,10603,salec001
519263.0,R,schugel,a. j.,519263,schugaj01,11432,schua001
519294.0,L,smoker,josh,519294,smokejo01,10285,smokj001
519295.0,R,smolinski,jake,519295,smolija01,5408,smolj002
519299.0,L,sogard,eric,519299,sogarer01,7927,sogae001
519301.0,R,solis,sammy,519301,solissa01,11457,solis001
519306.0,R,souza,steven,519306,souzast01,5667,souzs001
519317.0,R,stanton,giancarlo,519317,stantmi03,4949,stanm004
519322.0,L,storen,drew,519322,storedr01,6983,stord001
519326.0,R,strickland,hunter,519326,strichu01,7836,strih001
519333.0,R,szczur,matt,519333,szczuma01,11255,szczm001
519344.0,R,tepesch,nick,519344,tepesni01,11716,tepen001
519345.0,L,terdoslavich,joey,519345,terdojo01,10593,terdj001
519346.0,L,thames,eric,519346,thameer01,3711,thame001
519381.0,L,venditte,pat,519381,vendipa01,7108,vendp001
519390.0,L,vogt,stephen,519390,vogtst01,5000,vogts001
519421.0,L,wilkins,andy,519421,wilkian01,11251,wilka002
519425.0,R,williams,jackson,519425,willija01,8524,willj005
519445.0,R,worth,danny,519445,worthda01,198,wortd001
519455.0,R,zimmermann,jordan,519455,zimmejo02,4505,zimmj003
520471.0,L,galvis,freddy,520471,galvifr01,6609,galvf001
520980.0,R,baez,pedro,520980,baezpe01,5420,baezp001
521230.0,R,hendriks,liam,521230,hendrli01,3548,hendl001
521655.0,R,font,wilmer,521655,fontwi01,5257,fontw001
521692.0,R,perez,salvador,521692,perezsa02,7304,peres002
523253.0,R,forsythe,logan,523253,forsylo01,7185,forsl001
523260.0,R,kelly,joe,523260,kellyjo05,9761,kellj001
523989.0,R,de la rosa,rubby,523989,delarru01,3862,delar003
524968.0,R,montero,jesus,524968,monteje01,5514,montj003
527038.0,R,flores,wilmer,527038,florewi01,5827,florw001
527043.0,R,marte,jefry,527043,marteje01,5107,martj007
527048.0,L,perez,martin,527048,perezma02,6902,perem004
527049.0,R,puello,cesar,527049,puellce01,7216,puelc001
527054.0,R,teheran,julio,527054,teherju01,6797,tehej001
533167.0,R,shoemaker,matt,533167,shoemma01,4776,shoem001
534606.0,R,lamarre,ryan,534606,lamarry01,10700,lamar001
534627.0,R,holt,tyler,534627,holtty01,11391,holtt001
534812.0,R,quackenbush,kevin,534812,quackke01,12360,quack001
534910.0,R,hahn,jesse,534910,hahnje01,13287,hahnj001
534947.0,R,adleman,tim,534947,adlemti01,10968,adlet001
537953.0,L,nava,daniel,537953,navada01,5450,navad002
541608.0,L,cabrera,ramon,541608,cabrera01,10327,cabrr001
541640.0,R,ramirez,erasmo,541640,ramirer02,10314,ramie004
541645.0,R,garcia,avisail,541645,garciav01,5760,garca003
541650.0,R,perez,hernan,541650,perezhe01,5751,pereh001
542194.0,R,bethancourt,christian,542194,bethach01,10028,bethc001
542208.0,R,perez,carlos,542208,perezca02,10642,perec003
542255.0,L,inciarte,ender,542255,inciaen01,4922,incie001
542289.0,R,corcino,daniel,542289,corcida01,9266,corcd001
542303.0,R,ozuna,marcell,542303,ozunama01,10324,ozunm001
542340.0,L,villar,jonathan,542340,villajo01,10071,villj001
542364.0,L,ortega,rafael,542364,ortegra01,10323,orter001
542436.0,L,adames,cristhian,542436,adamecr01,6013,adamc001
542454.0,L,santana,danny,542454,santada01,10322,santd001
542455.0,L,arcia,oswaldo,542455,arciaos01,10306,arcio001
542513.0,L,telis,tomas,542513,telisto01,10067,telit001
542583.0,R,aguilar,jesus,542583,aguilje01,11342,aguij001
542587.0,L,araujo,elvis,542587,araujel01,12854,araue001
542642.0,R,liriano,rymer,542642,liriary01,4779,lirir001
542674.0,R,germen,gonzalez,542674,germego01,5876,germg001
542866.0,R,adams,austin,542866,adamsau01,7411,adama001
542881.0,L,anderson,tyler,542881,anderty01,12880,andet002
542882.0,R,andriese,matt,542882,andrima01,12022,andrm001
542883.0,L,anna,dean,542883,annade01,8353,annad001
542908.0,R,bandy,jett,542908,bandyje01,12508,bandj001
542921.0,R,beckham,tim,542921,beckhti01,7949,beckt001
542923.0,R,beeler,dallas,542923,beeleda01,11471,beeld001
542942.0,R,blair,carson,542942,blairca01,5429,blaic001
542963.0,L,brantly,rob,542963,brantro01,10655,branr002
542979.0,R,broxton,keon,542979,broxtke01,9253,broxk001
542992.0,R,burns,andy,542992,burnsan01,12779,burna003
542993.0,L,burns,billy,542993,burnsbi02,12701,burnb002
542994.0,R,butler,joey,542994,butlejo04,7799,butlj002
543022.0,R,chatwood,tyler,543022,chatwty01,4338,chatt001
543031.0,R,cloyd,tyler,543031,cloydty01,8536,cloyt001
543037.0,R,cole,gerrit,543037,colege01,13125,coleg001
543038.0,R,coleman,dusty,543038,colemdu01,8979,coled002
543045.0,L,conley,adam,543045,conlead01,14457,conla001
543054.0,R,cosart,jarred,543054,cosarja01,10304,cosaj001
543056.0,L,coulombe,danny,543056,couloda01,13293,could001
543063.0,L,crawford,brandon,543063,crawfbr01,5343,crawb001
543068.0,R,cron,c. j.,543068,croncj01,12546,cronc002
543089.0,R,davis,taylor,543089,davista01,12782,davit004
543094.0,L,decker,jaff,543094,deckeja01,7945,deckj001
543101.0,R,desclafani,anthony,543101,desclan01,13050,desca001
543105.0,L,dickerson,alex,543105,dickeal01,12649,dicka001
543118.0,R,drake,oliver,543118,drakeol01,8823,drako001
543135.0,R,eovaldi,nathan,543135,eovalna01,9132,eovan001
543148.0,R,federowicz,tim,543148,federti01,8609,fedet001
543184.0,R,friedrich,christian,543184,friedch01,7942,friec001
543193.0,R,gagnon,drew,543193,gagnodr01,12545,gagnd001
543208.0,R,gaviglio,sam,543208,gavigsa01,12778,gavis001
543213.0,R,giavotella,johnny,543213,giavojo01,6740,giavj001
543216.0,L,gillaspie,conor,543216,gillaco01,9009,gillc001
543219.0,L,gilmartin,sean,543219,gilmase01,12781,gilms001
543228.0,R,gomes,yan,543228,gomesya01,9627,gomey001
543238.0,L,gose,anthony,543238,gosean01,5097,gosea001
543243.0,R,gray,sonny,543243,grayso01,12768,grays001
543257.0,S,grossman,robbie,543257,grossro01,5254,grosr001
543272.0,L,hand,brad,543272,handbr01,9111,handb001
543278.0,L,hardy,blaine,543278,hardybl01,6499,hardb001
543281.0,R,harrison,josh,543281,harrijo05,8202,harrj002
543294.0,R,hendricks,kyle,543294,hendrky01,12049,hendk001
543302.0,L,herrmann,chris,543302,herrmch01,9284,herrc001
543305.0,L,hicks,aaron,543305,hicksaa01,5297,hicka001
543308.0,R,hicks,john,543308,hicksjo02,12547,hickj001
543309.0,R,higashioka,kyle,543309,higasky01,5517,higak001
543321.0,R,hoes,l. j.,543321,hoeslj01,6656,hoesl001
543329.0,R,hood,destin,543329,hoodde01,9887,hoodd001
543333.0,L,hosmer,eric,543333,hosmeer01,3516,hosme001
543339.0,R,hudson,daniel,543339,hudsoda01,7146,hudsd001
543359.0,L,jennings,dan,543359,jennida01,8073,jennd003
543362.0,R,jimenez,a. j.,543362,jimenaj01,7077,jimea001
543376.0,R,joseph,caleb,543376,josepca01,7087,josec002
543377.0,L,joseph,corban,543377,josepco01,5503,josec001
543380.0,R,jungmann,taylor,543380,jungmta01,13119,jungt001
543391.0,R,kelly,casey,543391,kellyca01,9174,kellc001
543401.0,L,kipnis,jason,543401,kipnija01,9776,kipnj001
543408.0,R,koehler,tom,543408,koehlto01,6570,koeht001
543424.0,L,lamb,john,543424,lambjo02,8493,lambj002
543432.0,R,lavarnway,ryan,543432,lavarry01,8879,lavar001
543434.0,R,lawrie,brett,543434,lawribr01,5247,lawrb002
543456.0,L,lobstein,kyle,543456,lobstky01,9178,lobsk001
543459.0,L,lombardozzi,steve,543459,lombast02,5422,lombs002
543475.0,R,lyles,jordan,543475,lylesjo01,7593,lylej001
543483.0,R,magill,matt,543483,magilma01,3950,magim001
543484.0,R,mahtook,mikie,543484,mahtomi01,13130,mahtm001
543507.0,R,may,trevor,543507,maytr01,6398,may-t001
543510.0,R,mccann,james,543510,mccanja02,12859,mccaj001
543521.0,R,mchugh,collin,543521,mchugco01,7531,mchuc001
543532.0,R,melville,tim,543532,melviti01,9149,melvt001
543542.0,R,meyer,alex,543542,meyeral01,12833,meyea001
543543.0,L,miller,brad,543543,millebr02,12775,millb002
543548.0,L,milone,tommy,543548,milonto01,7608,milot001
543557.0,L,montgomery,mike,543557,montgmi01,4869,montm002
543569.0,R,morel,brent,543569,morelbr01,6402,moreb001
543590.0,L,nieuwenhuis,kirk,543590,nieuwki01,6400,nieuk001
543606.0,R,odorizzi,jake,543606,odorija01,6397,odorj001
543611.0,L,ortiz,danny,543611,ortizda02,10317,ortid002
543633.0,R,perez,juan,543633,perezju02,5371,perej002
543652.0,L,pill,tyler,543652,pillty01,12751,pillt001
543685.0,R,rendon,anthony,543685,rendoan01,12861,renda001
543698.0,R,roach,donn,543698,roachdo01,10620,roacd001
543699.0,R,roark,tanner,543699,roarkta01,8753,roart001
543706.0,R,robertson,dan,543706,roberda09,6266,robed003
543734.0,L,rusin,chris,543734,rusinch01,9895,rusic001
543742.0,R,sands,jerry,543742,sandsje01,4016,sandj002
543746.0,L,scahill,rob,543746,scahiro01,9286,scahr001
543760.0,R,semien,marcus,543760,semiema01,12533,semim001
543768.0,L,shaw,travis,543768,shawtr01,11982,shawt001
543776.0,L,shuck,jb,543776,shuckja01,6677,shucj001
543807.0,R,springer,george,543807,springe01,12856,sprig001
543829.0,L,gordon,dee,543829,gordode01,8203,gordd002
543859.0,R,tonkin,michael,543859,tonkimi01,10315,tonkm001
543867.0,L,turley,nik,543867,turleni01,5530,turln001
543877.0,R,vazquez,christian,543877,vazquch01,9774,vazqc001
543881.0,R,villarreal,pedro,543881,villape01,9904,villp001
543901.0,R,weber,ryan,543901,weberry01,10160,weber001
543903.0,R,webster,allen,543903,webstal01,3993,websa001
543921.0,R,wieland,joe,543921,wielajo01,6109,wielj001
543939.0,L,wong,kolten,543939,wongko01,12532,wongk001
543942.0,R,wooten,rob,543942,wootero01,8532,wootr001
544150.0,R,suarez,albert,544150,suareal01,6175,suara001
544365.0,R,banuelos,manny,544365,banuema01,5365,banum001
544369.0,L,gregorius,didi,544369,gregodi01,6012,gregd001
544725.0,L,garcia,leury,544725,garcile02,5913,garcl004
544727.0,R,familia,jeurys,544727,familje01,5114,famij001
544836.0,R,romero,enny,544836,romeren01,4001,romee002
544925.0,L,den dekker,matt,544925,dendema01,11385,dendm001
544928.0,L,lyons,tyler,544928,lyonsty01,11334,lyont001
544931.0,R,strasburg,stephen,544931,strasst01,10131,stras001
545121.0,L,vargas,ildemaro,545121,vargail01,13324,vargi001
545333.0,R,bauer,trevor,545333,bauertr01,12703,bauet001
545337.0,L,fontana,nolan,545337,fontano01,13267,fontn001
545338.0,L,franklin,nick,545338,frankni01,10166,frann001
545341.0,R,grichuk,randal,545341,grichra01,10243,gricr001
545346.0,R,lee,zach,545346,leeza01,11468,lee-z001
545350.0,R,marisnick,jake,545350,marisja01,11339,marij002
545358.0,R,stassi,max,545358,stassma01,10059,stasm001
545361.0,R,trout,mike,545361,troutmi01,10155,troum001
545363.0,R,turner,jacob,545363,turneja01,10185,turnj002
545404.0,R,beachy,brandon,545404,beachbr01,8851,beacb001
546276.0,L,escobar,edwin,546276,escobed02,10337,escoe002
546318.0,L,herrera,odubel,546318,herreod01,11476,herro001
546990.0,R,alford,anthony,546990,alforan01,14329,alfoa002
546991.0,R,almora,albert,546991,almoral01,14109,almoa002
547004.0,L,ruiz,rio,547004,ruizri01,14103,ruizr002
547007.0,R,whalen,robert,547007,whalero01,14165,whalr001
547170.0,L,delmonico,nick,547170,delmoni01,13157,delmn001
547172.0,L,wolters,tony,547172,wolteto01,11470,woltt001
547179.0,R,lorenzen,michael,547179,lorenmi01,14843,lorem002
547180.0,L,harper,bryce,547180,harpebr03,11579,harpb003
547379.0,R,perez,roberto,547379,perezro02,2900,perer003
547749.0,R,tazawa,junichi,547749,tazawju01,4079,tazaj001
547874.0,R,iwakuma,hisashi,547874,iwakuhi01,13048,iwakh001
547888.0,R,tanaka,masahiro,547888,tanakma01,15764,tanam001
547912.0,R,ngoepe,gift,547912,ngoepgi01,10340,ngoeg001
547943.0,R,ryu,hyun-jin,547943,ryuhy01,14444,ryu-h001
547957.0,L,kim,hyun soo,547957,kimhy01,18718,kim-h001
547973.0,L,chapman,aroldis,547973,chapmar01,10233,chapa001
547982.0,L,martin,leonys,547982,martile01,11846,martl004
547989.0,R,abreu,jose,547989,abreujo02,15676,abrej003
548337.0,R,verrett,logan,548337,verrelo01,12905,verrl001
548357.0,R,bergman,christian,548357,bergmch01,10925,bergc001
548389.0,R,stripling,ross,548389,stripro01,13273,strir001
552640.0,R,kittredge,andrew,552640,kittran01,12828,kitta001
552662.0,R,romero,stefen,552662,romerst01,11746,romes001
553869.0,R,diaz,elias,553869,diazel01,11680,diaze005
553878.0,L,vazquez,felipe,553878,riverfe01,12076,rivef001
553882.0,L,narvaez,omar,553882,narvaom01,13338,narvo001
553883.0,R,campos,vicente,553883,campovi01,11681,campv001
553902.0,R,astudillo,willians,553902,astudwi01,15608,astuw001
553988.0,R,machado,dixon,553988,machadi01,11472,machd001
553993.0,R,suarez,eugenio,553993,suareeu01,12552,suare001
554054.0,R,gonzalez,alfredo,554054,gonzaal04,14267,gonza006
554234.0,R,perez,williams,554234,perezwi01,11592,perew001
554374.0,R,hernandez,ariel,554374,hernaar01,15603,herna004
554429.0,L,ackley,dustin,554429,ackledu01,10099,ackld001
554430.0,L,wheeler,zach,554430,wheelza01,10310,wheez001
554431.0,L,matzek,tyler,554431,matzety01,10058,matzt001
570240.0,R,pena,felix,570240,penafe01,13403,penaf002
570256.0,L,polanco,gregory,570256,polangr01,12907,polag001
570267.0,R,santana,domingo,570267,santado01,10348,santd002
570481.0,R,gonzalez,erik,570481,gonzaer01,13369,gonze004
570482.0,R,urshela,gio,570482,urshegi01,10681,urshg001
570489.0,L,alcantara,arismendy,570489,alcanar01,10711,alcaa001
570560.0,L,sanchez,carlos,570560,sanchca01,11602,sancc001
570615.0,L,moya,steven,570615,moyast01,11854,moyas001
570632.0,R,urena,jose,570632,urenajo01,11589,urenj001
570639.0,L,perez,yefri,570639,perezye01,12090,perey002
570649.0,R,ventura,yordano,570649,ventuyo01,11855,venty001
570663.0,R,robles,hansel,570663,robleha01,11801,roblh001
570666.0,R,cessa,luis,570666,cessalu01,13345,cessl001
570714.0,R,vargas,cesar,570714,vargace01,14099,vargc002
570717.0,L,flores,ramon,570717,florera02,11165,florr003
570731.0,R,schoop,jonathan,570731,schoojo01,11265,schoj001
570799.0,R,villanueva,christian,570799,villach01,11738,villc002
570810.0,R,bonilla,lisalverto,570810,bonilli01,11266,bonil001
571431.0,L,adams,matt,571431,adamsma01,9393,adamm002
571437.0,R,altherr,aaron,571437,altheaa01,11270,altha001
571448.0,R,arenado,nolan,571448,arenano01,9777,arenn001
571466.0,L,barnhart,tucker,571466,barnhtu01,10200,barnt001
571467.0,R,baron,steven,571467,baronst01,9787,baros002
571473.0,L,baumann,buddy,571473,baumabu01,9309,baumb001
571476.0,R,beck,chris,571476,beckch02,13418,beckc002
571506.0,L,bour,justin,571506,bourju01,9744,bourj002
571510.0,L,boyd,matt,571510,boydma01,15440,boydm001
571527.0,R,buchanan,david,571527,buchada01,11176,buchd001
571553.0,L,ceciliani,darrell,571553,cecilda01,9954,cecid001
571561.0,L,cingrani,tony,571561,cingrto01,12555,cingt001
571577.0,R,copeland,scott,571577,copelsc01,10706,copes001
571578.0,L,corbin,patrick,571578,corbipa01,9323,corbp001
571595.0,R,cuevas,noel,571595,cuevano01,11894,cuevn001
571602.0,R,davidson,matt,571602,davidma02,7226,davim005
571656.0,L,farmer,buck,571656,farmebu01,14814,farmb001
571657.0,R,farmer,kyle,571657,farmeky01,14813,farmk001
571665.0,L,fields,daniel,571665,fieldda01,10390,field001
571666.0,R,fiers,mike,571666,fiersmi01,7754,fierm001
571670.0,L,floro,dylan,571670,florody01,13394,flord002
571679.0,R,freitas,david,571679,freitda01,10619,freid001
571681.0,L,fuentes,rey,571681,fuentre01,10329,fuenr001
571697.0,L,gennett,scooter,571697,gennesc01,10339,genns001
571710.0,R,givens,mychal,571710,givenmy01,10430,givem001
571718.0,L,goodwin,brian,571718,goodwbr01,12858,goodb001
571735.0,R,hale,david,571735,haleda02,9756,haled001
571740.0,L,hamilton,billy,571740,hamilbi02,10199,hamib001
571745.0,R,haniger,mitch,571745,hanigmi01,14274,hanim001
571757.0,L,hazelbaker,jeremy,571757,hazelje01,9399,hazej001
571760.0,L,heaney,andrew,571760,heanean01,15423,heana001
571761.0,L,heathcott,slade,571761,heathsl01,10336,heats001
571771.0,R,hernandez,enrique,571771,hernaen02,10472,herne001
571787.0,R,holmberg,david,571787,holmbda01,7725,holmd002
571788.0,L,holt,brock,571788,holtbr01,9345,holtb002
571800.0,L,hutchison,drew,571800,hutchdr01,10732,hutcd001
571812.0,R,jensen,kyle,571812,jenseky01,7706,jensk001
571825.0,L,jones,james,571825,jonesja06,9767,jonej005
571830.0,R,joseph,tommy,571830,josepto01,10349,joset001
571841.0,S,kelly,ty,571841,kellyty01,7740,kellt001
571851.0,R,kieboom,spencer,571851,kiebosp01,13300,kiebs001
571863.0,L,koch,matt,571863,kochma01,13420,kochm001
571868.0,L,krauss,marc,571868,krausma01,7577,kraum001
571871.0,L,krol,ian,571871,krolia01,10066,kroli001
571875.0,L,lamb,jake,571875,lambja01,13329,lambj001
571882.0,R,law,derek,571882,lawde01,13133,law-d001
571893.0,L,liberatore,adam,571893,liberad01,10637,libea001
571912.0,R,maile,luke,571912,mailelu01,13355,maill001
571918.0,R,marrero,deven,571918,marrede01,13325,marrd001
571927.0,R,matz,steven,571927,matzst01,13361,matzs001
571945.0,R,mikolas,miles,571945,mikolmi01,9803,mikom001
571946.0,R,miller,shelby,571946,millesh01,10197,mills001
571948.0,L,milner,hoby,571948,milneho01,13346,milnh001
571951.0,L,mitchell,bryan,571951,mitchbr01,11479,mitcb001
571963.0,R,morris,a. j.,571963,morriaj01,9919,morra002
571970.0,L,muncy,max,571970,muncyma01,13301,muncm001
571974.0,R,murphy,j. r.,571974,murphjr01,10346,murpj001
571976.0,R,myers,wil,571976,myerswi01,10047,myerw001
571980.0,L,naquin,tyler,571980,naquity01,13359,naqut001
572000.0,R,ohlman,mike,572000,ohlmami01,10347,ohlmm001
572008.0,R,owings,chris,572008,owingch01,10030,owinc001
572019.0,L,paulsen,ben,572019,paulsbe01,9741,paulb001
572020.0,L,paxton,james,572020,paxtoja01,11828,paxtj001
572033.0,R,phegley,josh,572033,phegljo01,9308,phegj001
572038.0,R,pinder,branden,572038,pindebr01,12093,pindb001
572039.0,R,piscotty,stephen,572039,piscost01,13367,piscs001
572041.0,R,pollock,a. j.,572041,polloaj01,9256,polla001
572073.0,R,rickard,joey,572073,rickajo01,13277,rickj001
572096.0,R,rosenthal,trevor,572096,rosentr01,10745,roset001
572102.0,R,sampson,keyvius,572102,sampske01,10039,sampk001
572114.0,L,schimpf,ryan,572114,schimry01,9953,schir001
572122.0,L,seager,kyle,572122,seageky01,9785,seagk001
572128.0,R,shaffer,richie,572128,shaffri01,13271,shafr001
572138.0,L,singleton,jon,572138,singljo02,10441,singj001
572140.0,L,skaggs,tyler,572140,skaggty01,10190,skagt001
572180.0,R,susac,andrew,572180,susacan01,13132,susaa001
572182.0,L,sweeney,darnell,572182,sweenda02,13284,sweed001
572191.0,R,taylor,michael,572191,taylomi02,11489,taylm002
572193.0,R,tepera,ryan,572193,teperry01,10291,teper001
572204.0,R,thompson,trayce,572204,thomptr01,9952,thomt002
572227.0,R,vincej,zach,572227,vinceza01,13269,vincz001
572228.0,R,voit,luke,572228,voitlu01,14811,voitl001
572233.0,R,walker,christian,572233,walkech02,13419,walkc002
572241.0,L,washington,david,572241,washida01,12110,washd001
572287.0,R,zunino,mike,572287,zuninmi01,13265,zunim001
572309.0,R,flores,kendry,572309,floreke01,12118,flork002
572362.0,R,erlin,robbie,572362,erlinro01,10354,erlir001
572365.0,L,goins,ryan,572365,goinsry01,9807,goinr001
572403.0,R,verhagen,drew,572403,verhadr01,13424,verhd001
572669.0,R,adams,lane,572669,adamsla01,10767,adaml001
572750.0,R,butler,eddie,572750,butleed01,13453,butle001
572761.0,L,carpenter,matt,572761,carpema01,8090,carpm002
572788.0,R,cravy,tyler,572788,cravyty01,10770,cravt001
572804.0,R,decker,cody,572804,deckeco01,9665,deckc001
572816.0,L,dickerson,corey,572816,dickeco01,10762,dickc002
572821.0,R,dozier,brian,572821,doziebr01,9810,dozib001
572863.0,R,garneau,dustin,572863,garnedu01,9433,garnd001
572888.0,R,greene,shane,572888,greensh02,10756,grees005
572955.0,R,johnson,pierce,572955,johnspi01,13435,johnp001
572971.0,L,keuchel,dallas,572971,keuchda01,9434,keucd001
573064.0,L,nuno,vidal,573064,nunovi01,9674,nunov001
573088.0,R,perkins,cameron,573088,perkica01,13444,perkc001
573113.0,R,renda,tony,573113,rendato01,13443,rendt001
573131.0,R,ruf,darin,573131,rufda01,9929,ruf-d001
573135.0,R,saladino,tyler,573135,saladty01,10807,salat001
573185.0,R,straily,dan,573185,straida01,9460,strad003
573186.0,R,stroman,marcus,573186,stromma01,13431,strom001
573244.0,L,wilk,adam,573244,wilkad01,8421,wilka001
573627.0,L,vargas,kennys,573627,vargake01,12101,vargk001
574831.0,R,choice,michael,574831,choicmi01,11376,choim001
574847.0,R,segedin,rob,574847,segedro01,11446,seger001
575929.0,R,contreras,willson,575929,contrwi01,11609,contw001
576397.0,R,gyorko,jedd,576397,gyorkje01,10816,gyorj001
578428.0,R,iglesias,jose,578428,iglesjo01,10231,iglej001
578570.0,L,querecuto,juniel,578570,quereju01,12140,querj001
581527.0,R,travis,devon,581527,travide01,13862,travd001
584171.0,R,velazquez,hector,584171,velazhe01,19341,velah001
588751.0,R,hechavarria,adeiny,588751,hechaad01,10459,hecha001
591693.0,R,ramos,edubray,591693,ramosed02,16086,ramoe002
591712.0,R,hernandez,oscar,591712,hernaos01,13490,herno002
591720.0,R,torreyes,ronald,591720,torrero01,11400,torrr001
591741.0,R,osuna,jose,591741,osunajo01,12937,osunj001
591971.0,L,valera,breyvic,591971,valerbr01,12758,valeb001
591994.0,R,garcia,willy,591994,garciwi01,12956,garcw001
592120.0,R,astin,barrett,592120,astinba01,14812,astib001
592122.0,R,austin,tyler,592122,austity01,11850,austt001
592127.0,R,barbato,johnny,592127,barbajo01,11440,barbj001
592145.0,L,biddle,jesse,592145,biddlje01,11437,biddj001
592166.0,R,brett,ryan,592166,brettry01,12138,bretr001
592169.0,R,brice,austin,592169,briceau01,17237,brica001
592178.0,R,bryant,kris,592178,bryankr01,15429,bryak001
592192.0,R,canha,mark,592192,canhama01,11445,canhm001
592200.0,R,casali,curt,592200,casalcu01,12510,casac001
592206.0,R,castellanos,nick,592206,casteni01,11737,castn001
592229.0,R,covey,dylan,592229,coveydy01,14825,coved001
592230.0,L,cowart,kaleb,592230,cowarka01,11494,cowak001
592239.0,L,cunningham,todd,592239,cunnito01,10822,cunnt001
592254.0,R,de leon,jose,592254,deleojo03,15463,delej003
592261.0,R,deshields,delino,592261,deshide02,11379,deshd002
592273.0,R,drury,brandon,592273,drurybr01,11615,drurb001
592274.0,R,duffy,matt,592274,duffyma02,12181,duffm003
592279.0,R,therrien,jesen,592279,dygesje01,15853,therj001
592314.0,R,foltynewicz,mike,592314,foltymi01,10811,foltm001
592325.0,L,gamel,ben,592325,gamelbe01,12160,gameb001
592329.0,R,garcia,jason,592329,garcija03,12143,garcj005
592332.0,L,gausman,kevin,592332,gausmke01,14107,gausk001
592340.0,R,goeddel,erik,592340,goedder01,11712,goede001
592341.0,R,goforth,david,592341,goforda01,12166,gofod001
592348.0,L,goodrum,niko,592348,goodrni01,12092,goodn002
592351.0,R,gray,jon,592351,grayjo02,14916,grayj003
592387.0,R,healy,ryon,592387,healyry01,15447,healr001
592390.0,R,hembree,heath,592390,hembrhe01,11632,hembh001
592407.0,R,holaday,bryan,592407,holadbr01,11287,holab001
592419.0,L,hoying,jared,592419,hoyinja01,10882,hoyij001
592426.0,R,jackson,luke,592426,jackslu01,11752,jackl001
592433.0,R,jenkins,tyrell,592433,jenkity01,11378,jenkt001
592444.0,R,jones,jacoby,592444,jonesja07,14818,jonej006
592450.0,R,judge,aaron,592450,judgeaa01,15640,judga001
592468.0,R,kingham,nick,592468,kinghni01,11694,kingn001
592518.0,R,machado,manny,592518,machama01,11493,machm001
592533.0,R,martin,cody,592533,martico01,12182,martc008
592547.0,R,mcguire,deck,592547,mcguide02,11596,mcgud001
592567.0,L,moran,colin,592567,moranco01,16909,morac001
592592.0,L,nicholas,brett,592592,nichobr01,11192,nichb001
592593.0,L,nicolino,justin,592593,nicolju01,11754,nicoj001
592596.0,R,noel,rico,592596,noelri02,10585,noelr001
592609.0,R,olt,mike,592609,oltmi01,10698,olt-m001
592612.0,L,osich,josh,592612,osichjo01,11528,osicj001
592614.0,L,overton,dillon,592614,overtdi01,15627,overd001
592620.0,L,parker,jarrett,592620,parkeja03,11624,parkj002
592621.0,R,parker,kyle,592621,parkeky01,11763,parkk001
592626.0,L,pederson,joc,592626,pederjo01,11899,pedej001
592644.0,R,plutko,adam,592644,plutkad01,15846,pluta001
592647.0,L,pompey,dalton,592647,pompeda01,12797,pompd001
592662.0,L,ray,robbie,592662,rayro02,11486,ray-r002
592663.0,R,realmuto,j. t.,592663,realmjt01,11739,realj001
592665.0,L,reed,addison,592665,reedad01,10586,reeda001
592669.0,R,renfroe,hunter,592669,renfrhu01,15464,renfh001
592680.0,R,rivera,yadiel,592680,riverya01,11863,rivey001
592685.0,L,robinson,drew,592685,robindr01,11761,robid003
592696.0,L,rosario,eddie,592696,rosared01,12155,rosae001
592710.0,R,rutledge,josh,592710,rutlejo01,11167,rutlj001
592717.0,R,sanchez,aaron,592717,sanchaa01,11490,sanca006
592731.0,R,selsky,steve,592731,selskst01,12957,selss001
592741.0,L,shreve,chasen,592741,shrevch01,10855,shrec001
592743.0,R,simmons,andrelton,592743,simmoan01,10847,simma001
592761.0,R,smith,caleb,592761,smithca03,14875,smitc006
592767.0,L,smyly,drew,592767,smylydr01,11760,smyld001
592769.0,L,snelten,d. j.,592769,sneltdj01,15949,sneld001
592774.0,L,stanley,cody,592774,stanlco01,10838,stanc002
592779.0,L,stewart,brock,592779,stewabr01,16727,stewb001
592789.0,L,syndergaard,noah,592789,syndeno01,11762,syndn001
592791.0,R,taillon,jameson,592791,taillja01,11674,tailj001
592804.0,R,thornburg,tyler,592804,thornty01,10688,thort001
592808.0,L,toles,andrew,592808,tolesan01,13414,tolea001
592811.0,R,triggs,andrew,592811,triggan01,13533,triga001
592826.0,R,velasquez,vince,592826,velasvi01,11189,velav001
592835.0,L,waldrop,kyle,592835,waldrky02,11402,waldk002
592836.0,R,walker,taijuan,592836,walketa01,11836,walkt004
592859.0,L,wilkerson,stevie,592859,wilkest01,16041,wilks001
592863.0,L,williams,mason,592863,willima10,11859,willm007
592865.0,L,williams,taylor,592865,willita01,14899,willt003
592866.0,R,williams,trevor,592866,willitr01,16977,willt002
592869.0,R,wilson,tyler,592869,wilsoty01,12691,wilst004
592879.0,R,wojciechowski,asher,592879,wojcias01,10836,wojca001
592885.0,L,yelich,christian,592885,yelicch01,11477,yelic001
593140.0,R,feliz,michael,593140,felizmi01,11903,felim001
593144.0,R,rodriguez,richard,593144,rodriri05,13549,rodrr008
593160.0,R,merrifield,whit,593160,merriwh01,11281,merrw001
593334.0,R,german,domingo,593334,germado01,17149,germd001
593372.0,R,martinez,carlos,593372,martica04,11682,martc006
593423.0,R,montas,frankie,593423,montafr02,14309,montf001
593428.0,R,bogaerts,xander,593428,bogaexa01,12161,bogax001
593495.0,R,castro,daniel,593495,castrda01,15450,castd001
593523.0,L,hernandez,marco,593523,hernama02,13154,hernm003
593525.0,R,calixte,orlando,593525,calixor01,11905,calio001
593527.0,L,torres,ramon,593527,torrera01,14113,torrr002
593528.0,R,bonifacio,jorge,593528,bonifjo01,12174,bonij002
593576.0,R,neris,hector,593576,nerishe01,11804,nerih001
593643.0,R,alberto,hanser,593643,alberha01,11902,albeh001
593647.0,L,brito,socrates,593647,britoso01,12944,brits001
593679.0,R,ynoa,gabriel,593679,ynoaga01,12938,ynoag001
593700.0,L,hanson,alen,593700,hansoal01,12926,hansa001
593833.0,R,suero,wander,593833,suerowa01,15855,suerw002
593871.0,L,polanco,jorge,593871,polanjo01,13152,polaj001
593934.0,R,sano,miguel,593934,sanomi01,12164,sanom001
593958.0,L,rodriguez,eduardo,593958,rodried05,13164,rodre004
593969.0,L,aquino,jayson,593969,aquinja01,13150,aquij001
593974.0,L,peralta,wandy,593974,peralwa01,14295,peraw002
593993.0,R,briceno,jose,593993,bricejo01,13151,bricj001
594011.0,L,herrera,rosell,594011,herrero02,11611,herrr002
594555.0,L,cecchini,garin,594555,cecchga01,11608,ceccg001
594576.0,L,may,jacob,594576,mayja02,14876,may-j001
594577.0,R,mayers,mike,594577,mayermi01,15451,mayem001
594694.0,L,difo,wilmer,594694,difowi01,14320,difow001
594736.0,R,anderson,cody,594736,anderco01,12799,andec002
594742.0,R,asher,alec,594742,asheral01,13560,ashea001
594760.0,R,blair,aaron,594760,blairaa01,14934,blaia001
594772.0,R,buchanan,jake,594772,buchaja01,10962,buchj001
594777.0,L,calhoun,kole,594777,calhoko01,11200,calhk001
594795.0,L,dayton,grant,594795,daytogr01,11203,daytg001
594798.0,L,degrom,jacob,594798,degroja01,10954,degrj001
594807.0,R,duvall,adam,594807,duvalad01,10950,duvaa001
594809.0,L,eaton,adam,594809,eatonad02,11205,eatoa002
594824.0,L,garcia,greg,594824,garcigr01,10951,garcg002
594828.0,R,gattis,evan,594828,gattiev01,11003,gatte001
594835.0,L,gonzales,marco,594835,gonzama02,15467,gonzm005
594838.0,R,gosselin,philip,594838,gosseph01,10953,gossp001
594840.0,L,grace,matt,594840,gracema02,11449,gracm003
594857.0,L,hessler,keith,594857,hesslke01,12220,hessk001
594902.0,R,lively,ben,594902,livelbe01,14932,liveb001
594940.0,L,muno,daniel,594940,munoda01,12214,munod001
594943.0,R,neal,zach,594943,nealza01,11294,nealz001
594951.0,R,o'rourke,ryan,594951,orourry01,10976,orour001
594953.0,L,palka,daniel,594953,palkada01,14897,palkd001
594987.0,R,sadler,casey,594987,sadleca02,11209,sadlc002
594988.0,L,schebler,scott,594988,schebsc01,12225,sches001
594992.0,R,shackelford,kevin,594992,shackke01,11012,shack001
595001.0,R,smith,josh,595001,smithjo07,10946,smitj004
595005.0,R,strausborger,ryan,595005,straury01,10937,strar001
595014.0,R,treinen,blake,595014,treinbl01,12572,treib001
595023.0,L,walsh,colin,595023,walshco02,10961,walsc001
595025.0,S,walters,zach,595025,walteza01,10622,waltz001
595144.0,L,brugman,jaycob,595144,brugmja01,14936,brugj001
595191.0,R,eickhoff,jerad,595191,eickhje01,12664,eickj001
595222.0,L,gerber,mike,595222,gerbemi01,16115,gerbm001
595238.0,L,hannemann,jacob,595238,hanneja01,15644,hannj002
595281.0,L,kiermaier,kevin,595281,kiermke01,11038,kierk001
595284.0,L,knapp,andrew,595284,knappan01,14942,knapa001
595307.0,R,maness,seth,595307,manesse01,12235,manes001
595345.0,L,okert,steven,595345,okertst01,13580,okers001
595373.0,R,reinheimer,jack,595373,reinhja01,14938,reinj001
595375.0,L,riddle,jt,595375,riddljt01,17642,riddj001
595386.0,R,rogers,jason,595386,rogerja02,11773,rogej002
595426.0,L,stassi,brock,595426,stassbr01,12244,stasb001
595453.0,R,wallach,chad,595453,wallach01,17161,wallc001
595465.0,R,winkler,dan,595465,winklda01,12237,winkd001
595751.0,R,alfaro,jorge,595751,alfarjo01,12180,alfaj002
595777.0,L,profar,jurickson,595777,profaju01,10815,profj001
595879.0,R,baez,javier,595879,baezja01,12979,baezj001
595881.0,R,beede,tyler,595881,beedety01,16981,beedt001
595885.0,L,bird,greg,595885,birdgr01,14131,birdg001
595909.0,L,cave,jake,595909,caveja01,14477,cavej001
595918.0,R,cole,a. j.,595918,coleaj01,11467,colea002
595943.0,R,evans,phillip,595943,evansph01,12950,evanp001
595956.0,R,gallagher,cam,595956,gallaca01,12981,gallc001
595963.0,R,goeddel,tyler,595963,goeddty01,13180,goedt001
595978.0,R,hedges,austin,595978,hedgeau01,12976,hedga001
596001.0,R,junis,jakob,596001,junisja01,13619,junij001
596019.0,L,lindor,francisco,596019,lindofr01,12916,lindf001
596043.0,R,mengden,daniel,596043,mengdda01,16980,mengd001
596057.0,L,norris,daniel,596057,norrida01,13475,norrd002
596059.0,L,odor,rougned,596059,odorro01,12282,odorr001
596064.0,L,owens,henry,596064,owenshe02,13143,owenh002
596071.0,L,peters,dillon,596071,peterdi01,18790,peted001
596103.0,R,slater,austin,596103,slateau01,16153,slata001
596105.0,L,smith,dwight,596105,smithdw02,13473,smitd007
596112.0,R,stephenson,robert,596112,stephro01,13594,stepr002
596115.0,R,story,trevor,596115,storytr01,12564,stort001
596119.0,L,swihart,blake,596119,swihabl01,13176,swihb001
596129.0,L,vogelbach,dan,596129,vogelda01,14130,voged001
596133.0,R,weaver,luke,596133,weavelu01,16918,weavl001
596142.0,R,sanchez,gary,596142,sanchga02,11442,sancg002
596143.0,L,sardinas,luis,596143,sardilu01,13153,sardl001
596144.0,R,cuthbert,cheslor,596144,cuthbch01,10473,cuthc001
596146.0,L,kepler,max,596146,keplema01,12144,keplm001
596271.0,R,lawrence,casey,596271,lawreca01,11121,lawrc001
596295.0,L,gomber,austin,596295,gombeau01,16561,gomba001
596451.0,L,quinn,roman,596451,quinnro01,13546,quinr003
596748.0,R,franco,maikel,596748,francma02,12179,franm004
596816.0,R,gomez,roberto,596816,gomezro01,12963,gomer002
596847.0,L,choi,ji-man,596847,choiji01,5452,choij001
598265.0,L,bradley,jackie,598265,bradlja02,12984,bradj001
598271.0,L,johnson,brian,598271,johnsbr02,14272,johnb004
598284.0,R,o'brien,peter,598284,obriepe01,13288,obrip002
599096.0,R,herrera,dilson,599096,herredi01,14335,herrd002
599683.0,R,saupold,warwick,599683,saupowa01,13211,saupw001
600301.0,R,motter,taylor,600301,motteta01,12399,mottt001
600303.0,L,la stella,tommy,600303,lasteto01,12371,lastt001
600466.0,R,read,raudy,600466,readra01,15766,readr002
600474.0,R,severino,pedro,600474,severpe01,14523,sevep001
600524.0,R,nunez,renato,600524,nunezre01,14503,nuner001
600526.0,L,torres,jose,600526,torrejo02,14957,torrj001
600869.0,L,candelario,jeimer,600869,candeje01,13621,candj002
600968.0,L,rosario,randy,600968,rosarra01,14508,rosar002
601713.0,R,pivetta,nick,601713,pivetni01,15454,piven001
602922.0,R,rondon,jose,602922,rondojo02,14140,rondj002
605113.0,R,ahmed,nick,605113,ahmedni01,12147,ahmen001
605119.0,R,anderson,brian,605119,anderbr06,18289,andeb006
605125.0,L,asche,cody,605125,ascheco01,11997,aschc001
605131.0,R,barnes,austin,605131,barneau01,12158,barna001
605135.0,R,bassitt,chris,605135,bassich01,12304,bassc001
605137.0,L,bell,josh,605137,belljo02,13145,bellj005
605141.0,R,betts,mookie,605141,bettsmo01,13611,bettm001
605151.0,R,bradley,archie,605151,bradlar01,12918,brada001
605154.0,L,brebbia,john,605154,brebbjo01,12777,brebj001
605156.0,R,brooks,aaron,605156,brookaa01,12272,brooa001
605164.0,L,bundy,dylan,605164,bundydy01,12917,bundd001
605169.0,R,capps,carter,605169,cappsca01,12803,cappc001
605170.0,L,caratini,victor,605170,caratvi01,14968,carav001
605177.0,R,chafin,andrew,605177,chafian01,12988,chafa001
605182.0,R,clevinger,mike,605182,clevimi01,12808,clevm001
605183.0,R,coats,jason,605183,coatsja01,14282,coatj001
605194.0,R,cotton,jharel,605194,cottojh01,13654,cottj001
605200.0,R,davies,zach,605200,davieza02,13183,daviz001
605204.0,R,davis,j. d.,605204,davisjd01,16219,davij006
605218.0,R,edwards,carl,605218,edwarca01,13607,edwac001
605222.0,R,esch,jake,605222,eschja01,12756,eschj001
605227.0,R,featherston,taylor,605227,feathta01,12590,featt001
605228.0,R,fernandez,jose,605228,fernajo02,11530,fernj003
605232.0,L,finnegan,brandon,605232,finnebr01,16208,finnb001
605233.0,L,fisher,derek,605233,fishede01,16192,fishd001
605242.0,R,fulmer,michael,605242,fulmemi01,13218,fulmm001
605253.0,R,gore,terrance,605253,gorete01,13658,goret001
605254.0,R,gossett,daniel,605254,gosseda01,16164,gossd001
605255.0,R,graves,brett,605255,gravebr01,16218,gravb001
605276.0,R,hess,david,605276,hessda01,16130,hessd001
605280.0,R,holmes,clay,605280,holmecl01,13649,holmc001
605304.0,R,johnson,erik,605304,johnser04,12520,johne003
605323.0,L,kubitza,kyle,605323,kubitky01,12148,kubik001
605347.0,R,lopez,jorge,605347,lopezjo02,14527,lopej004
605357.0,R,marjama,mike,605357,marjami01,12594,marjm001
605361.0,L,martini,nick,605361,martini02,12005,martn003
605374.0,R,mckirahan,andrew,605374,mckiran01,12870,mckia001
605388.0,L,morgan,adam,605388,morgaad01,12580,morga001
605396.0,R,murray,colton,605396,murraco02,12264,murrc002
605397.0,R,musgrove,joe,605397,musgrjo01,12970,musgj001
605400.0,R,nola,aaron,605400,nolaaa01,16149,nolaa001
605412.0,L,panik,joe,605412,panikjo01,11936,panij002
605439.0,R,reed,michael,605439,reedmi02,13228,reedm001
605441.0,R,rios,yacksel,605441,riosya01,15007,riosy001
605446.0,R,rodriguez,dereck,605446,rodride01,14509,rodrd001
605452.0,R,ross,joe,605452,rossjo01,12972,rossj002
605474.0,L,skole,matt,605474,skolema01,12119,skolm001
605480.0,L,smith,mallex,605480,smithma05,13608,smitm007
605483.0,L,snell,blake,605483,snellbl01,13543,snelb001
605486.0,L,spangenberg,cory,605486,spangco01,12294,spanc001
605498.0,L,suarez,andrew,605498,suarean01,18300,suara002
605508.0,L,tilson,charlie,605508,tilsoch01,12983,tilsc001
605509.0,R,tomlinson,kelby,605509,tomlike01,13005,tomlk001
605512.0,L,tucker,preston,605512,tuckepr01,13633,tuckp001
605520.0,L,walding,mitch,605520,waldimi01,13006,waldm001
605538.0,R,wisler,matt,605538,wislema01,12804,wislm001
605540.0,L,woodruff,brandon,605540,woodrbr01,16162,woodb005
605541.0,R,wright,mike,605541,wrighmi01,12586,wrigm001
605548.0,L,zimmer,bradley,605548,zimmebr01,16221,zimmb001
605795.0,R,sanchez,angel,605795,sanchan03,11776,sanca008
605894.0,R,gonzalez,severino,605894,gonzase01,14697,gonzs001
606115.0,R,arcia,orlando,606115,arciaor01,13185,arcio002
606131.0,R,perdomo,luis,606131,perdolu02,14682,perdl002
606132.0,L,tapia,raimel,606132,tapiara01,14350,tapir001
606149.0,R,gallegos,giovanny,606149,gallegi01,14986,gallg001
606160.0,R,montero,rafael,606160,montera01,12760,montr004
606162.0,R,ramirez,yefry,606162,ramirye01,15655,ramiy001
606167.0,R,mejia,adalberto,606167,mejiaad01,13188,mejia001
606192.0,R,hernandez,teoscar,606192,hernate01,13066,hernt002
606299.0,R,peraza,jose,606299,perazjo01,13593,peraj003
606424.0,L,garcia,jarlin,606424,garcija04,18282,garcj006
606466.0,S,marte,ketel,606466,marteke01,13613,martk001
606625.0,R,moronta,reyes,606625,moronre01,14966,moror001
606930.0,R,barnes,jacob,606930,barneja01,12323,barnj002
606959.0,R,davis,rookie,606959,davisro03,14962,davir004
606965.0,R,devenski,chris,606965,devench02,12763,devec001
606988.0,R,greiner,grayson,606988,greingr01,17062,greig001
606995.0,R,hancock,justin,606995,hancoju01,12316,hancj002
607043.0,L,nimmo,brandon,607043,nimmobr01,12927,nimmb001
607054.0,L,peterson,jace,607054,peterja01,12325,petej002
607067.0,R,rea,colin,607067,reaco01,12317,rea-c001
607074.0,L,rodon,carlos,607074,rodonca01,16137,rodoc001
607192.0,L,glasnow,tyler,607192,glasnty01,14374,glast001
607200.0,R,fedde,erick,607200,feddeer01,17425,fedde001
607208.0,R,turner,trea,607208,turnetr01,16252,turnt001
607219.0,L,romano,sal,607219,romansa01,13690,romas001
607223.0,L,reed,a. j.,607223,reedaj01,16246,reeda002
607229.0,R,gsellman,robert,607229,gsellro01,13696,gselr001
607231.0,R,gant,john,607231,gantjo01,13684,gantj002
607237.0,R,garrett,amir,607237,garream01,14375,garra001
607257.0,L,lopez,rafael,607257,lopezra02,12606,loper002
607259.0,L,martinez,nick,607259,martini01,12730,martn002
607297.0,R,dickson,o'koyea,607297,dicksok01,12677,dicko001
607309.0,R,klein,phil,607309,kleinph01,12675,kleip001
607345.0,R,smith,kevan,607345,smithke04,12284,smitk002
607352.0,R,biagini,joe,607352,biagijo01,13194,biagj001
607359.0,R,patton,spencer,607359,pattosp01,12361,patts002
607369.0,R,taijeron,travis,607369,taijetr01,11935,taijt001
607374.0,R,tropeano,nick,607374,tropeni01,12385,tropn001
607385.0,L,collins,tyler,607385,collity01,12723,collt002
607387.0,R,rua,ryan,607387,ruary01,12409,rua-r001
607430.0,R,andreoli,john,607430,andrejo03,13012,andrj001
607455.0,L,banda,anthony,607455,bandaan01,14706,banda001
607457.0,R,barraclough,kyle,607457,barraky01,13713,barrk002
607468.0,R,blandino,alex,607468,blandal01,16271,blana002
607471.0,R,bostick,christopher,607471,bostich01,13718,bostc001
607473.0,R,bradford,chase,607473,bradfch02,12452,bradc002
607536.0,L,freeland,kyle,607536,freelky01,16256,freek001
607625.0,R,lugo,seth,607625,lugose01,12447,lugos001
607680.0,R,pillar,kevin,607680,pillake01,12434,pillk001
607732.0,R,stallings,jacob,607732,stallja01,13723,stalj001
607752.0,R,travis,sam,607752,travisa01,16263,travs001
607776.0,R,williamson,mac,607776,willima11,14158,willm008
607968.0,R,rucinski,drew,607968,rucindr01,12499,rucid001
608061.0,R,rivera,t. j.,608061,rivertj01,12495,rivet001
608070.0,L,ramirez,jose,608070,ramirjo01,13510,ramij003
608324.0,R,bregman,alex,608324,bregmal01,17678,brega001
608325.0,R,cecchini,gavin,608325,cecchga02,17005,ceccg002
608331.0,L,fried,max,608331,friedma01,13743,friem001
608336.0,L,gallo,joey,608336,gallojo01,14128,gallj002
608337.0,R,giolito,lucas,608337,giolilu01,15474,gioll001
608348.0,R,kelly,carson,608348,kellyca02,13620,kellc002
608365.0,R,russell,addison,608365,russead02,14106,russa002
608369.0,L,seager,corey,608369,seageco01,13624,seagc001
608371.0,R,sims,lucas,608371,simslu01,13470,simsl001
608379.0,R,wacha,michael,608379,wachami01,14078,wachm001
608384.0,L,williams,nick,608384,willini01,14330,willn001
608385.0,L,winker,jesse,608385,winkeje01,13590,winkj002
608566.0,R,marquez,german,608566,marquge01,15038,marqg001
608577.0,L,mazara,nomar,608577,mazarno01,14553,mazan001
608596.0,R,murphy,tom,608596,murphto04,13499,murpt002
608597.0,L,guzman,ronald,608597,guzmaro01,14388,guzmr001
608638.0,R,chargois,j. t.,608638,chargjt01,13767,charj001
608641.0,L,cooney,tim,608641,cooneti01,13762,coont001
608648.0,R,duffey,tyler,608648,duffety01,13758,dufft001
608650.0,L,enns,dietrich,608650,ennsdi01,13932,ennsd001
608652.0,L,farrell,luke,608652,farrelu01,15101,farrl001
608654.0,R,field,johnny,608654,fieldjo04,15048,fielj003
608665.0,R,graveman,kendall,608665,graveke01,15514,gravk001
608671.0,L,jankowski,travis,608671,jankotr01,13768,jankt001
608672.0,L,johnson,micah,608672,johnsmi04,13809,johnm006
608700.0,R,plawecki,kevin,608700,plaweke01,13807,plawk001
608701.0,R,refsnyder,rob,608701,refsnro01,13770,refsr001
608703.0,R,reynolds,matt,608703,reynoma03,13788,reynm003
608717.0,R,stratton,chris,608717,stratch01,13761,strac001
608718.0,L,suter,brent,608718,suterbr01,13942,suteb001
608723.0,R,voth,austin,608723,vothau01,15047,votha001
609275.0,L,mondesi,adalberto,609275,mondera02,13769,mondr003
609280.0,R,andujar,miguel,609280,andujmi01,15878,andum001
611093.0,R,bracho,silvino,611093,brachsi01,15051,bracs001
611177.0,R,garcia,adonis,611177,garciad01,13777,garca004
612672.0,R,chen,wei-yin,612672,chenwe02,13071,chenw001
614173.0,L,cordero,franchy,614173,cordefr02,14567,cordf003
614177.0,R,reyes,franmil,614177,reyesfr01,14566,reyef001
620439.0,R,barreto,franklin,620439,barrefr02,15519,barrf001
620443.0,R,torrens,luis,620443,torrelu01,15905,torrl001
620446.0,L,urena,richard,620446,urenari01,16411,urenr001
620454.0,L,castillo,jose,620454,castijo03,17169,castj007
620982.0,R,pinto,ricardo,620982,pintori01,16318,pintr002
621002.0,R,robertson,daniel,621002,roberda10,14145,robed004
621020.0,R,swanson,dansby,621020,swansda01,18314,swand001
621035.0,R,taylor,chris,621035,tayloch03,13757,taylc001
621043.0,R,correa,carlos,621043,correca01,14162,corrc001
621044.0,L,valentin,jesmuel,621044,valenje01,14548,valej006
621052.0,R,reyes,alex,621052,reyesal02,15015,reyea004
621107.0,R,eflin,zach,621107,eflinza01,13774,efliz001
621111.0,R,buehler,walker,621111,buehlwa01,19374,buehw001
621112.0,R,blackburn,paul,621112,blackpa01,14739,blacp001
621121.0,L,mccullers,lance,621121,mcculla02,14120,mccul002
621141.0,R,lockett,walker,621141,lockewa01,13804,lockw001
621199.0,R,bowman,matthew,621199,bowmama01,13528,bowmm001
621209.0,R,moscot,jon,621209,moscojo01,13849,moscj001
621242.0,R,diaz,edwin,621242,diazed04,14710,diaze006
621244.0,R,berrios,jose,621244,berrijo01,14168,berrj001
621249.0,R,underwood,duane,621249,underdu01,14677,unded001
621261.0,R,oswalt,corey,621261,oswalco01,13677,oswac001
621281.0,R,wagner,tyler,621281,wagnety01,13796,wagnt001
621295.0,R,wittgren,nick,621295,wittgni01,15594,wittn001
621311.0,L,dahl,david,621311,dahlda01,13744,dahld001
621381.0,R,strahm,matt,621381,strahma01,13799,stram001
621389.0,R,blach,ty,621389,blachty01,14361,blact002
621433.0,L,phillips,brett,621433,phillbr02,14735,philb002
621439.0,R,buxton,byron,621439,buxtoby01,14161,buxtb001
621446.0,R,brinson,lewis,621446,brinsle01,14352,brinl001
621453.0,L,duggar,steven,621453,duggast01,17719,duggs001
621471.0,L,powell,boog,621471,powelbo02,15103,poweb002
621512.0,R,nido,tomas,621512,nidoto01,13755,nidot001
621559.0,L,moroff,max,621559,morofma01,14556,morom001
621563.0,L,wendle,joey,621563,wendljo01,13853,wendj002
621566.0,L,olson,matt,621566,olsonma02,14344,olsom001
621962.0,R,thomas,ian,621962,thomaia01,13881,thomi001
622072.0,R,wood,alex,622072,woodal02,13781,wooda002
622075.0,R,almonte,yency,622075,almonye01,15068,almoy001
622097.0,R,thompson,jake,622097,thompja03,14371,thomj007
622110.0,R,duffy,matt,622110,duffyma01,13836,duffm002
622168.0,R,munoz,yairo,622168,munozya01,16313,munoy001
622194.0,L,maxwell,bruce,622194,maxwebr01,13866,maxwb001
622210.0,L,parmley,ian,622210,parmlia01,13821,parmi001
622217.0,R,o'grady,chris,622217,ogradch01,13818,ograc001
622226.0,L,cozens,dylan,622226,cozendy01,15115,cozed001
622270.0,R,mejia,alex,622270,mejiaal01,13877,mejia002
622441.0,R,bautista,rafael,622441,bautira01,15769,bautr001
622446.0,R,rodriguez,jefry,622446,rodrije01,17018,rodrj005
622491.0,R,castillo,luis,622491,castilu02,15689,castl003
622497.0,S,gomez,miguel,622497,gomezmi01,17075,gomem002
622534.0,R,margot,manuel,622534,margoma01,14712,margm001
622554.0,R,dominguez,seranthony,622554,dominse01,19249,domis001
622608.0,R,senzatela,antonio,622608,senzaan01,15488,senza001
622663.0,R,severino,luis,622663,severlu01,15890,sevel001
622666.0,L,camargo,johan,622666,camarjo01,14950,camaj001
622682.0,L,reyes,victor,622682,reyesvi01,15487,reyev001
622694.0,R,hernandez,elieser,622694,hernael01,16933,herne002
622713.0,S,vielma,engelb,622713,vielmen01,15481,viele001
622766.0,R,diaz,miguel,622766,diazmi02,18815,diazm004
622864.0,R,romero,fernando,622864,romerfe01,15885,romef001
623143.0,R,brown,trevor,623143,browntr01,13895,browt002
623149.0,R,sewald,paul,623149,sewalpa01,13892,sewap001
623166.0,R,miller,mike,623166,millemi01,13891,millm003
623167.0,R,flexen,chris,623167,flexech01,13896,flexc001
623182.0,R,kivlehan,patrick,623182,kivlepa01,13910,kivlp001
623352.0,L,hader,josh,623352,haderjo01,14212,hadej001
623395.0,R,ellington,brian,623395,ellinbr02,17233,ellib001
623402.0,R,peterson,tim,623402,peterti01,13946,petet001
623451.0,R,stephens,jackson,623451,stephja01,14420,stepj002
623454.0,R,anderson,drew,623454,anderdr02,15130,anded003
623520.0,R,bote,david,623520,boteda01,14593,boted002
623993.0,L,santander,anthony,623993,santaan02,14551,santa003
624407.0,L,lin,tzu-wei,624407,lintz02,14678,lin-t001
624414.0,R,arroyo,christian,624414,arroych01,16434,arroc001
624424.0,L,conforto,michael,624424,confomi01,16376,confm001
624428.0,L,frazier,adam,624428,fraziad01,15223,fraza001
624431.0,R,trevino,jose,624431,trevijo01,16725,trevj001
624507.0,L,jones,ryder,624507,jonesry01,15982,joner005
624577.0,R,puig,yasiel,624577,puigya01,14225,puigy001
624585.0,R,soler,jorge,624585,solerjo01,14221,solej001
624586.0,R,hoyt,james,624586,hoytja01,14605,hoytj001
624636.0,R,tocci,carlos,624636,toccica01,14558,toccc001
625329.0,L,urrutia,henry,625329,urruthe01,14441,urruh001
625643.0,R,lopez,reynaldo,625643,lopezre01,16400,loper003
627500.0,L,tseng,jen-ho,627500,tsengje01,15524,tsenj001
627894.0,L,gohara,luiz,627894,goharlu01,15166,gohal001
628317.0,R,maeda,kenta,628317,maedake01,18498,maedk001
628318.0,R,makita,kazuhisa,628318,makitka01,19757,makik001
628329.0,R,castillo,rusney,628329,castiru02,17016,castr004
628333.0,R,despaigne,odrisamer,628333,despaod01,16017,despo001
628336.0,L,fernandez,jose,628336,fernajo03,19254,fernj004
628338.0,R,heredia,guillermo,628338,heredgu01,18721,hereg002
628356.0,R,kang,jung ho,628356,kangju01,17182,kangj001
628452.0,R,iglesias,raisel,628452,iglesra01,17130,igler001
628711.0,L,urias,julio,628711,uriasju01,14765,uriaj001
630111.0,R,tomas,yasmany,630111,tomasya01,17171,tomay001
640447.0,R,ervin,phil,640447,ervinph01,14738,ervip001
640449.0,R,frazier,clint,640449,frazicl01,15983,frazc001
640455.0,R,manaea,sean,640455,manaese01,15873,manas001
640457.0,L,meadows,austin,640457,meadoau01,15672,meada001
640460.0,R,peterson,dustin,640460,peterdu01,15189,peted002
640461.0,R,pinder,chad,640461,pindech01,15191,pindc001
640463.0,R,shipley,braden,640463,shiplbr01,15158,shipb001
641154.0,L,lopez,pablo,641154,lopezpa01,17085,lopep002
641313.0,R,anderson,tim,641313,anderti01,15172,andet001
641319.0,L,asuaje,carlos,641319,asuajca01,15197,asuac001
641341.0,R,bashlor,tyler,641341,bashlty01,15203,basht001
641343.0,L,bauers,jake,641343,bauerja01,15194,bauej001
641355.0,L,bellinger,cody,641355,bellico01,15998,bellc002
641432.0,L,calhoun,willie,641432,calhowi01,17838,calhw001
641438.0,R,carle,shane,641438,carlesh01,15258,carls002
641487.0,L,crawford,j. p.,641487,crawfjp01,15491,crawj002
641525.0,R,dixon,brandon,641525,dixonbr01,15214,dixob001
641531.0,R,dozier,hunter,641531,doziehu01,15117,dozih001
641553.0,R,engel,adam,641553,engelad01,15082,engea001
641583.0,L,fowler,dustin,641583,fowledu01,17098,fowld002
641598.0,R,garver,mitch,641598,garvemi01,15161,garvm001
641645.0,L,guillorme,luis,641645,guilllu01,16451,guill001
641684.0,R,hermosillo,michael,641684,hermomi01,16285,hermm001
641771.0,R,kuhl,chad,641771,kuhlch01,14975,kuhlc001
641778.0,R,lauer,eric,641778,lauerer01,19316,lauee001
641796.0,R,locastro,tim,641796,locasti01,15124,locat001
641816.0,R,mahle,tyler,641816,mahlety01,16358,mahlt001
641820.0,R,mancini,trey,641820,mancitr01,15149,manct001
641856.0,L,mckinney,billy,641856,mckinbi01,15654,mckib001
641857.0,L,mcmahon,ryan,641857,mcmahry01,15112,mcmar001
641924.0,R,nottingham,jacob,641924,nottija01,16448,nottj001
641933.0,R,o'neill,tyler,641933,oneilty01,15711,oneit001
641941.0,L,pagan,emilio,641941,paganem01,14771,pagae001
641958.0,L,patterson,jordan,641958,pattejo03,15119,pattj005
642003.0,L,reed,cody,642003,reedco01,15232,reedc002
642082.0,L,sisco,chance,642082,siscoch01,15694,siscc001
642086.0,L,smith,dominic,642086,smithdo02,15653,smitd008
642094.0,R,smith,tyler,642094,smithty01,12490,smitt002
642156.0,R,turner,stuart,642156,turnest01,15207,turns002
642162.0,R,valaika,pat,642162,valaipa01,14885,valap001
642180.0,L,wade,tyler,642180,wadety01,15730,wadet002
642229.0,R,wright,daniel,642229,wrighda04,15179,wrigd003
642231.0,R,yacabonis,jimmy,642231,yacabji01,15157,yacaj001
642232.0,R,yarbrough,ryan,642232,yarbrry01,16502,yarbr001
642239.0,R,zastryzny,rob,642239,zastrro01,15094,zastr001
642336.0,S,mejia,francisco,642336,mejiafr01,16403,mejif001
642423.0,L,sierra,magneuris,642423,sierrma01,17023,sierm002
642528.0,R,loaisiga,jonathan,642528,loaisjo01,19753,loaij001
642545.0,R,barria,jaime,642545,barrija01,18356,barrj003
642547.0,R,peralta,freddy,642547,peralfr01,18679,peraf001
642571.0,R,gonzalez,merandy,642571,gonzame01,17313,gonzm007
642701.0,R,santana,dennis,642701,santade01,17878,santd003
642707.0,R,cordoba,allen,642707,cordoal01,15722,corda001
642708.0,R,rosario,amed,642708,rosaram01,15518,rosaa003
642715.0,R,adames,willy,642715,adamewi01,15986,adamw002
642770.0,L,guerra,javy,642770,guerrja02,17292,guerj004
642851.0,R,wynns,austin,642851,wynnsau01,15271,wynna001
643217.0,L,benintendi,andrew,643217,beninan01,17901,benia002
643230.0,L,brault,steven,643230,braulst01,15291,braus002
643256.0,R,cimber,adam,643256,cimbead01,15288,cimba001
643265.0,R,cooper,garrett,643265,coopega03,15279,coopg002
643297.0,L,ege,cody,643297,egeco01,15928,ege-c001
643327.0,R,godley,zack,643327,godleza01,14862,godlz001
643335.0,L,granite,zach,643335,graniza01,15343,granz001
643338.0,L,green,chad,643338,greench03,15552,greec003
643354.0,L,hart,donnie,643354,hartdo01,15306,hartd002
643393.0,L,kemp,tony,643393,kempto01,14894,kempt001
643396.0,R,kiner-falefa,isiah,643396,kineris01,16512,kinei001
643410.0,R,leiter,mark,643410,leitema02,15551,leitm002
643414.0,R,lloyd,kyle,643414,lloydky01,15378,lloyk001
643466.0,L,musgrave,harrison,643466,musgrha01,16532,musgh001
643565.0,L,tauchman,mike,643565,tauchmi01,15274,taucm001
643603.0,R,white,tyler,643603,whitety01,15564,whitt002
643778.0,L,webb,tyler,643778,webbty01,14974,webbt001
644337.0,R,orf,nate,644337,orfna01,15407,orf-n001
644428.0,L,scribner,troy,644428,scribtr01,15570,scrit001
645261.0,R,alcantara,sandy,645261,alcansa01,18684,alcas001
645277.0,L,albies,ozzie,645277,albieoz01,16556,albio001
645302.0,R,robles,victor,645302,roblevi01,18363,roblv001
645848.0,R,alvarez,dariel,645848,alvarda02,15580,alvad002
646240.0,L,devers,rafael,646240,deverra01,17350,dever001
647336.0,R,soroka,mike,647336,sorokmi01,18383,sorom001
648717.0,R,guerrero,alex,648717,guerral01,15670,guera001
649557.0,R,diaz,aledmys,649557,diazal02,15937,diaza003
650402.0,R,torres,gleyber,650402,torregl01,16997,torrg001
650490.0,R,diaz,yandy,650490,diazya01,16578,diazy001
656185.0,L,allen,greg,656185,allengr01,16623,alleg002
656305.0,R,chapman,matt,656305,chapmma01,16505,chapm001
656354.0,L,davis,austin,656354,davisau01,17117,davia003
656427.0,R,flaherty,jack,656427,flaheja01,17479,flahj002
656546.0,R,hoffman,jeff,656546,hoffmje02,17432,hoffj003
656555.0,R,hoskins,rhys,656555,hoskirh01,16472,hoskr001
656669.0,R,luplow,jordan,656669,luplojo01,16424,luplj001
656738.0,L,meyer,ben,656738,meyerbe02,18854,meyeb002
656756.0,L,montgomery,jordan,656756,montgjo01,16511,montj004
656794.0,L,newcomb,sean,656794,newcose01,16943,newcs001
656941.0,L,schwarber,kyle,656941,schwaky01,16478,schwk001
657077.0,L,verdugo,alex,657077,verdual01,17027,verda001
657145.0,R,zagunis,mark,657145,zagunma01,16565,zagum002
657524.0,R,bormann,john,657524,bormajo01,18006,bormj001
657557.0,R,dejong,paul,657557,dejonpa01,18015,dejop001
657571.0,R,ferguson,caleb,657571,ferguca01,19349,fergc001
657658.0,L,lee,braxton,657658,leebr01,16839,lee-b001
657681.0,L,mcgrath,kyle,657681,mcgraky01,16793,mcgrk001
658792.0,R,wilkerson,aaron,658792,wilkeaa01,16904,wilka003
659275.0,R,lamet,dinelson,659275,lametdi01,17186,lamed001
660162.0,L,moncada,yoan,660162,moncayo01,17232,moncy001
660271.0,L,ohtani,shohei,660271,ohtansh01,19755,ohtas001
660670.0,R,acuna,ronald,660670,acunaro01,18401,acunr001
660853.0,R,de los santos,enyel,660853,delosen01,18403,deloe001
663656.0,L,tucker,kyle,663656,tuckeky01,18345,tuckk001
663855.0,R,hicks,jordan,663855,hicksjo03,19618,hickj002
664023.0,L,happ,ian,664023,happia01,17919,happi001
664056.0,R,bader,harrison,664056,baderha01,18030,badeh001
664057.0,L,stevenson,andrew,664057,stevean01,17932,steva001
664058.0,R,fletcher,david,664058,fletcda02,17992,fletd002
664068.0,R,kingery,scott,664068,kingesc01,17975,kings001
664192.0,L,lucchesi,joey,664192,lucchjo01,19320,luccj001
664641.0,L,miranda,ariel,664641,miranar01,17526,miraa002
664842.0,L,kaczmarski,kevin,664842,kaczmke01,18146,kaczk001
664869.0,L,conlon,p. j.,664869,conlopj01,18213,conlp001
665742.0,L,soto,juan,665742,sotoju01,20123,sotoj001
666560.0,R,park,byung ho,666560,parkby01,18497,parkb002
666561.0,R,hwang,jae-gyun,666561,hwangja01,19369,hwanj001
666971.0,R,gurriel,lourdes,666971,gurrilo01,19238,gurrl001
669456.0,R,bieber,shane,669456,biebesh01,19427,biebs001
669720.0,R,hays,austin,669720,haysau01,19363,haysa001
670950.0,R,richards,trevor,670950,richatr01,19309,richt001
